Timestamp,User Count,Type,Name,Requests/s,Failures/s,50%,66%,75%,80%,90%,95%,98%,99%,99.9%,99.99%,100%,Total Request Count,Total Failure Count,Total Median Response Time,Total Average Response Time,Total Min Response Time,Total Max Response Time,Total Average Content Size
1771962580,0,,Aggregated,0.000000,0.000000,N/A,N/A,N/A,N/A,N/A,N/A,N/A,N/A,N/A,N/A,N/A,0,0,0,0.0,0,0,0
1771962581,10,,Aggregated,0.000000,0.000000,3,3,4,4,5,58,58,58,58,58,58,18,0,2,5.599194102817112,1.2722015380859375,57.72900581359863,0.0
1771962582,20,,Aggregated,0.000000,0.000000,2,3,3,3,4,5,58,58,58,58,58,41,0,2,4.714047036519864,1.0769367218017578,57.72900581359863,0.0
1771962583,30,,Aggregated,18.000000,0.000000,2,3,3,4,7,8,45,58,58,58,58,66,0,2,4.380406755389589,1.0769367218017578,57.72900581359863,0.0
1771962584,40,,Aggregated,20.000000,0.000000,3,3,3,3,5,8,45,58,58,58,58,92,0,2,4.278815310934315,1.0769367218017578,57.72900581359863,0.0
1771962585,50,,Aggregated,20.333333,0.000000,3,3,4,4,7,8,41,45,58,58,58,130,0,3,4.2286212627704325,1.0769367218017578,57.72900581359863,0.0
1771962586,60,,Aggregated,21.750000,0.000000,3,3,4,5,7,8,9,45,58,58,58,160,0,3,4.165202379226685,1.0769367218017578,57.72900581359863,0.0
1771962587,80,,Aggregated,22.800000,0.000000,3,3,4,4,7,8,9,41,58,58,58,216,0,3,3.9838541437078407,1.0769367218017578,57.72900581359863,0.0
1771962588,90,,Aggregated,25.166667,0.000000,3,3,4,5,7,8,17,45,58,58,58,267,0,3,4.1402681043532015,1.0769367218017578,57.72900581359863,0.0
1771962589,100,,Aggregated,26.428571,0.000000,3,3,4,5,8,8,17,44,58,58,58,306,0,3,4.344933173235725,1.0769367218017578,57.72900581359863,0.0
1771962590,110,,Aggregated,28.000000,0.000000,3,3,4,5,7,8,16,44,58,58,58,358,0,3,4.210135124249165,1.0769367218017578,57.72900581359863,0.0
1771962591,120,,Aggregated,30.000000,0.000000,3,3,4,5,8,8,16,44,58,58,58,411,0,3,4.218439116095104,1.0769367218017578,57.72900581359863,0.0
1771962592,130,,Aggregated,30.800000,0.000000,3,3,4,5,7,8,10,44,58,58,58,457,0,3,4.174116142990814,1.0769367218017578,57.72900581359863,0.0
1771962593,140,,Aggregated,34.500000,0.000000,3,4,5,6,8,8,11,44,58,58,58,516,0,3,4.307241402855215,1.0769367218017578,57.72900581359863,0.0
1771962594,150,,Aggregated,37.400000,0.000000,3,4,5,6,8,8,10,44,58,58,58,580,0,3,4.252328132760936,1.0769367218017578,57.72900581359863,0.0
1771962595,160,,Aggregated,39.900000,0.000000,3,4,5,6,8,8,10,41,58,58,58,642,0,3,4.255251721058308,1.0714530944824219,57.72900581359863,0.0
1771962596,170,,Aggregated,43.500000,0.000000,3,4,5,6,8,8,10,31,58,58,58,714,0,3,4.259104488276634,1.0714530944824219,57.72900581359863,0.0
1771962597,180,,Aggregated,46.700000,0.000000,3,4,5,6,8,8,10,31,58,58,58,771,0,3,4.250573740858976,1.0714530944824219,57.72900581359863,0.0
1771962598,190,,Aggregated,49.500000,0.000000,3,4,5,6,8,8,10,31,58,58,58,851,0,3,4.264728443042652,1.0714530944824219,57.72900581359863,0.0
1771962599,200,,Aggregated,53.100000,0.000000,3,4,5,6,8,8,10,31,58,58,58,928,0,3,4.28754168337789,1.0714530944824219,57.72900581359863,0.0
1771962600,200,,Aggregated,54.800000,0.000000,3,4,5,6,8,8,10,31,58,58,58,985,0,3,4.292552483263354,1.0714530944824219,57.72900581359863,0.0
1771962601,200,,Aggregated,58.300000,0.000000,3,4,5,6,8,8,10,31,48,58,58,1056,0,3,4.254504812486244,1.0714530944824219,57.72900581359863,0.0
1771962602,200,,Aggregated,62.200000,0.000000,3,4,5,6,8,8,10,31,48,58,58,1109,0,3,4.301461365117588,1.0714530944824219,57.72900581359863,0.0
1771962603,200,,Aggregated,62.400000,0.000000,3,4,5,6,8,8,9,31,48,58,58,1172,0,3,4.299959631910096,1.0714530944824219,57.72900581359863,0.0
1771962604,200,,Aggregated,64.400000,0.000000,3,4,5,6,8,8,9,31,48,58,58,1247,0,3,4.322112419171245,1.0714530944824219,57.72900581359863,0.0
1771962605,200,,Aggregated,65.000000,0.000000,3,4,5,6,8,8,9,30,48,58,58,1308,0,3,4.279302529967889,1.0714530944824219,57.72900581359863,0.0
1771962606,200,,Aggregated,65.200000,0.000000,3,4,5,6,8,8,9,31,48,58,58,1367,0,3,4.315292216079812,1.0714530944824219,57.72900581359863,0.0
1771962607,200,,Aggregated,66.700000,0.000000,3,4,5,6,8,8,9,30,48,58,58,1427,0,3,4.337537347142648,1.0714530944824219,57.72900581359863,0.0
1771962608,200,,Aggregated,66.200000,0.000000,3,4,5,6,8,8,9,31,48,58,58,1486,0,3,4.310177441079716,1.0714530944824219,57.72900581359863,0.0
1771962610,200,,Aggregated,65.500000,0.000000,3,4,5,6,8,8,9,30,48,58,58,1556,0,3,4.292396929086327,1.0714530944824219,57.72900581359863,0.0
1771962611,200,,Aggregated,63.300000,0.000000,3,4,5,6,8,8,9,30,48,58,58,1613,0,3,4.312961499142632,1.0714530944824219,57.72900581359863,0.0
1771962612,200,,Aggregated,62.500000,0.000000,3,4,5,6,8,8,9,30,48,58,58,1681,0,3,4.301772381421145,1.0714530944824219,57.72900581359863,0.0
1771962613,200,,Aggregated,62.500000,0.000000,3,4,5,6,7,8,9,30,48,58,58,1749,0,3,4.2753477243780065,1.0714530944824219,57.72900581359863,0.0
1771962614,200,,Aggregated,62.000000,0.000000,3,4,5,6,7,8,9,24,48,58,58,1813,0,3,4.2543697935799765,1.0714530944824219,57.72900581359863,0.0
1771962615,200,,Aggregated,63.800000,0.000000,3,4,5,6,7,8,9,30,48,58,58,1873,0,3,4.281579016111652,1.0714530944824219,57.72900581359863,0.0
1771962616,200,,Aggregated,63.600000,0.000000,3,4,5,6,7,8,9,24,48,58,58,1944,0,3,4.270154262275852,1.0714530944824219,57.72900581359863,0.0
1771962617,200,,Aggregated,62.200000,0.000000,3,4,5,6,7,8,9,18,47,58,58,2012,1,3,4.2459893653217415,1.0714530944824219,57.72900581359863,0.0
1771962618,200,,Aggregated,63.100000,0.000000,3,4,5,6,7,8,9,24,47,58,58,2083,1,3,4.25261519473731,1.0714530944824219,57.72900581359863,0.0
1771962619,200,,Aggregated,64.300000,0.100000,3,4,5,6,7,8,9,18,47,58,58,2141,1,3,4.225749047433924,1.0714530944824219,57.72900581359863,0.0
1771962620,200,,Aggregated,65.200000,0.100000,3,4,5,6,7,8,9,20,47,58,58,2198,1,3,4.193485054349336,1.0714530944824219,57.72900581359863,0.0
1771962621,200,,Aggregated,64.900000,0.100000,3,4,5,6,7,8,9,18,47,58,58,2262,1,3,4.194969418405116,1.0714530944824219,57.72900581359863,0.0
1771962622,200,,Aggregated,64.000000,0.100000,3,4,5,6,7,8,9,18,47,58,58,2338,1,3,4.2072770124424,1.0714530944824219,57.72900581359863,0.0
1771962623,200,,Aggregated,64.700000,0.100000,3,4,5,6,7,8,9,17,47,58,58,2401,1,3,4.194276028005146,1.0714530944824219,57.72900581359863,0.0
1771962624,200,,Aggregated,65.400000,0.100000,3,4,5,6,7,8,9,17,47,58,58,2463,1,3,4.208169717204024,1.0714530944824219,57.72900581359863,0.0
1771962625,200,,Aggregated,64.500000,0.100000,3,4,5,6,7,8,9,17,47,58,58,2526,1,3,4.195033607271486,1.0714530944824219,57.72900581359863,0.0
1771962626,200,,Aggregated,64.500000,0.100000,3,4,5,6,7,8,9,17,47,58,58,2587,1,3,4.208397118797347,1.0714530944824219,57.72900581359863,0.0
1771962627,200,,Aggregated,65.000000,0.100000,3,4,5,6,7,8,9,16,47,58,58,2665,1,3,4.183638789193044,1.0714530944824219,57.72900581359863,0.0
1771962628,200,,Aggregated,64.000000,0.100000,3,4,5,6,7,8,9,11,47,58,58,2717,2,3,4.1835791581160535,1.0714530944824219,57.72900581359863,0.0
1771962629,200,,Aggregated,64.700000,0.000000,3,4,5,6,7,8,9,11,47,58,58,2785,2,3,4.174547863177808,1.0714530944824219,57.72900581359863,0.0
1771962630,200,,Aggregated,62.800000,0.100000,3,4,5,6,7,8,9,11,47,58,58,2852,2,3,4.157430326453767,1.0714530944824219,57.72900581359863,0.0
1771962631,200,,Aggregated,63.900000,0.100000,3,4,5,6,7,8,9,10,47,58,58,2917,2,3,4.152508030454304,1.0714530944824219,57.72900581359863,0.0
1771962632,200,,Aggregated,64.600000,0.100000,3,4,5,6,7,8,9,10,47,58,58,2977,2,3,4.124608502758002,1.0714530944824219,57.72900581359863,0.0
1771962633,200,,Aggregated,64.600000,0.100000,3,4,5,6,7,8,9,10,46,58,58,3043,2,3,4.111269136968507,1.0714530944824219,57.72900581359863,0.0
1771962634,200,,Aggregated,63.400000,0.100000,3,4,5,5,7,8,9,10,46,58,58,3121,2,3,4.095687884544952,1.0714530944824219,57.72900581359863,0.0
1771962635,200,,Aggregated,63.700000,0.100000,3,4,5,5,7,8,9,10,46,58,58,3184,2,3,4.0701512415804455,1.0714530944824219,57.72900581359863,0.0
1771962636,200,,Aggregated,64.900000,0.100000,3,4,5,5,7,8,9,10,46,58,58,3250,2,3,4.081521841195913,1.0714530944824219,57.72900581359863,0.0
1771962637,200,,Aggregated,64.800000,0.100000,3,4,5,5,7,8,9,10,46,58,58,3320,2,3,4.073932300131005,1.0714530944824219,57.72900581359863,0.0
1771962638,200,,Aggregated,66.200000,0.100000,3,4,5,5,7,8,9,10,46,58,58,3385,3,3,4.072416691519485,1.0714530944824219,57.72900581359863,0.0
1771962639,200,,Aggregated,64.600000,0.100000,3,4,5,5,7,8,9,10,46,58,58,3450,3,3,4.064430914063385,1.0714530944824219,57.72900581359863,0.0
1771962640,200,,Aggregated,66.800000,0.100000,3,4,5,5,7,8,9,10,46,58,58,3508,3,3,4.065199412125138,1.0714530944824219,57.72900581359863,0.0
1771962641,200,,Aggregated,66.300000,0.100000,3,4,5,5,7,8,9,10,46,58,58,3572,3,3,4.058712607401883,1.0714530944824219,57.72900581359863,0.0
1771962642,200,,Aggregated,65.500000,0.100000,3,4,5,5,7,8,9,10,46,58,58,3635,3,3,4.054510675401438,1.0714530944824219,57.72900581359863,0.0
1771962643,200,,Aggregated,64.900000,0.100000,3,4,5,5,7,8,9,10,46,58,58,3702,3,3,4.054701051346229,1.0714530944824219,57.72900581359863,0.0
1771962644,200,,Aggregated,65.900000,0.100000,3,4,5,5,7,8,9,10,46,58,58,3772,3,3,4.068248471677745,1.0714530944824219,57.72900581359863,0.0
1771962645,200,,Aggregated,65.600000,0.100000,3,4,5,5,7,8,9,10,46,58,58,3828,3,3,4.072239032733403,1.0714530944824219,57.72900581359863,0.0
1771962646,200,,Aggregated,64.700000,0.100000,3,4,5,5,7,8,9,10,46,58,58,3891,3,3,4.063353015230052,1.0714530944824219,57.72900581359863,0.0
1771962647,200,,Aggregated,64.700000,0.100000,3,4,5,5,7,8,9,10,46,58,58,3953,3,3,4.058673295557363,1.0714530944824219,57.72900581359863,0.0
1771962648,200,,Aggregated,63.000000,0.100000,3,4,5,5,7,8,9,10,45,58,58,4018,3,3,4.065066917195375,1.0714530944824219,57.72900581359863,0.0
1771962649,200,,Aggregated,62.700000,0.100000,3,4,5,5,7,8,9,10,45,58,58,4096,3,3,4.049446841236204,1.0714530944824219,57.72900581359863,0.0
1771962650,200,,Aggregated,62.800000,0.000000,3,4,5,5,7,8,9,10,45,58,58,4169,3,3,4.036882736323177,1.0714530944824219,57.72900581359863,0.0
1771962651,200,,Aggregated,63.800000,0.000000,3,4,5,5,7,8,9,10,45,58,58,4233,3,3,4.036361602866112,1.0714530944824219,57.72900581359863,0.0
1771962652,200,,Aggregated,64.300000,0.000000,3,4,5,5,7,8,9,10,45,58,58,4285,3,3,4.039624524645099,1.0714530944824219,57.72900581359863,0.0
1771962653,200,,Aggregated,65.000000,0.000000,3,4,5,5,7,8,9,10,45,58,58,4350,3,3,4.047175659530464,1.0714530944824219,57.72900581359863,0.0
1771962654,200,,Aggregated,64.700000,0.000000,3,4,5,5,7,8,9,10,45,58,58,4411,3,3,4.05367727156427,1.0714530944824219,57.72900581359863,0.0
1771962655,200,,Aggregated,64.300000,0.000000,3,4,5,5,7,8,9,10,45,58,58,4491,4,3,4.037100603574635,1.0714530944824219,57.72900581359863,0.0
1771962656,200,,Aggregated,63.900000,0.000000,3,4,5,5,7,8,9,10,45,58,58,4555,4,3,4.0255229376281,1.0714530944824219,57.72900581359863,0.0
1771962657,200,,Aggregated,64.600000,0.100000,3,4,5,5,7,8,9,10,45,58,58,4625,4,3,4.022753947489971,1.0714530944824219,57.72900581359863,0.0
1771962658,200,,Aggregated,66.100000,0.100000,3,4,5,5,7,8,9,10,45,58,58,4682,5,3,4.023436805418749,1.0714530944824219,57.72900581359863,0.0
1771962659,200,,Aggregated,66.800000,0.100000,3,4,5,5,7,8,9,9,45,58,58,4754,5,3,4.021307626691344,1.0714530944824219,57.72900581359863,0.0
1771962660,200,,Aggregated,65.000000,0.200000,3,4,5,5,7,8,9,9,45,58,58,4823,6,3,4.021428072820826,1.0714530944824219,57.72900581359863,0.0
1771962661,200,,Aggregated,64.800000,0.200000,3,4,5,5,7,8,9,10,45,58,58,4882,6,3,4.029666190751016,1.0714530944824219,57.72900581359863,0.0
1771962662,200,,Aggregated,66.100000,0.200000,3,4,5,5,7,8,9,10,45,58,58,4946,7,3,4.031974875006269,1.0714530944824219,57.72900581359863,0.0
1771962663,200,,Aggregated,65.300000,0.300000,3,4,5,5,7,8,9,10,45,58,58,5004,7,3,4.039558432370924,1.0714530944824219,57.72900581359863,0.0
1771962664,200,,Aggregated,64.200000,0.400000,3,4,5,5,7,8,9,10,45,58,58,5070,7,3,4.0354029901869435,1.0714530944824219,57.72900581359863,0.0
1771962665,200,,Aggregated,64.600000,0.400000,3,4,5,5,7,8,9,9,45,58,58,5137,7,3,4.026283474313812,1.0714530944824219,57.72900581359863,0.0
1771962666,200,,Aggregated,65.100000,0.400000,3,4,5,5,7,8,9,9,45,58,58,5197,7,3,4.026116741283917,1.0714530944824219,57.72900581359863,0.0
1771962667,200,,Aggregated,64.600000,0.300000,3,4,5,5,7,8,9,9,45,58,58,5264,7,3,4.022197792232943,1.0714530944824219,57.72900581359863,0.0
1771962668,200,,Aggregated,63.900000,0.300000,3,4,5,5,7,8,9,9,45,58,58,5334,9,3,4.030118419474147,1.0714530944824219,57.72900581359863,0.0
1771962669,200,,Aggregated,63.900000,0.300000,3,4,5,5,7,8,9,9,45,58,58,5396,10,3,4.034184234243043,1.0714530944824219,57.72900581359863,0.0
1771962670,200,,Aggregated,64.400000,0.300000,3,4,5,5,7,8,9,9,45,58,58,5469,10,3,4.031371102513551,1.0714530944824219,57.72900581359863,0.0
1771962671,200,,Aggregated,64.100000,0.500000,3,4,5,5,7,8,9,9,45,58,58,5530,10,3,4.0253319317781475,1.0714530944824219,57.72900581359863,0.0
1771962672,200,,Aggregated,63.700000,0.500000,3,4,5,5,7,8,9,9,45,58,58,5598,11,3,4.035304000693673,1.0714530944824219,57.72900581359863,0.0
1771962673,200,,Aggregated,64.200000,0.400000,3,4,5,5,7,8,9,9,45,58,58,5666,11,3,4.030785500014413,1.0714530944824219,57.72900581359863,0.0
1771962674,200,,Aggregated,64.700000,0.300000,3,4,5,5,7,8,9,9,45,58,58,5737,11,3,4.029336822600196,1.0714530944824219,57.72900581359863,0.0
1771962675,200,,Aggregated,65.000000,0.400000,3,4,5,5,7,8,9,10,45,58,58,5799,11,3,4.0421964053676795,1.0714530944824219,57.72900581359863,0.0
1771962676,200,,Aggregated,65.800000,0.400000,3,4,5,5,7,8,9,10,45,58,58,5879,11,3,4.042154186577756,1.0714530944824219,57.72900581359863,0.0
1771962677,200,,Aggregated,65.500000,0.400000,3,4,5,5,7,8,9,10,45,58,58,5951,12,3,4.041888056392731,1.0714530944824219,57.72900581359863,0.0
1771962678,200,,Aggregated,66.500000,0.400000,3,4,5,5,7,8,9,9,45,58,58,6010,12,3,4.04254640398327,1.0714530944824219,57.72900581359863,0.0
1771962679,200,,Aggregated,66.200000,0.400000,3,4,5,5,7,8,9,10,45,58,58,6087,12,3,4.037012818099752,1.0714530944824219,57.72900581359863,0.0
1771962680,200,,Aggregated,67.400000,0.400000,3,4,5,5,7,8,9,9,45,58,58,6158,12,3,4.026649253017602,1.0714530944824219,57.72900581359863,0.0
1771962681,200,,Aggregated,67.400000,0.200000,3,4,5,5,7,8,9,9,45,58,58,6216,12,3,4.016818802329104,1.0714530944824219,57.72900581359863,0.0
1771962682,200,,Aggregated,67.400000,0.200000,3,4,5,5,7,8,9,9,45,58,58,6288,12,3,4.0128514663560395,1.0714530944824219,57.72900581359863,0.0
1771962683,200,,Aggregated,67.800000,0.200000,3,4,5,5,7,8,9,9,45,58,58,6356,12,3,4.00811017422349,1.0714530944824219,57.72900581359863,0.0
1771962684,200,,Aggregated,67.900000,0.200000,3,4,5,5,7,8,9,9,45,58,58,6414,12,3,4.00973280754125,1.0714530944824219,57.72900581359863,0.0
1771962685,200,,Aggregated,68.700000,0.100000,3,4,5,5,7,8,9,9,45,58,58,6479,13,3,4.00283024218701,1.0714530944824219,57.72900581359863,0.0
1771962686,200,,Aggregated,67.500000,0.100000,3,4,5,5,7,8,9,9,45,58,58,6547,13,3,4.000389796277849,1.0714530944824219,57.72900581359863,0.0
1771962687,200,,Aggregated,67.500000,0.100000,3,4,5,5,7,8,9,9,45,58,58,6604,13,3,4.001694365315983,1.0714530944824219,57.72900581359863,0.0
1771962688,200,,Aggregated,66.000000,0.200000,3,4,5,5,7,8,9,9,45,58,58,6682,13,3,4.008279343416362,1.0714530944824219,57.72900581359863,0.0
1771962689,200,,Aggregated,66.200000,0.200000,3,4,5,5,7,8,9,9,45,58,58,6738,13,3,4.011359473794885,1.0714530944824219,57.72900581359863,0.0
1771962690,200,,Aggregated,65.200000,0.100000,3,4,5,5,7,8,9,9,45,58,58,6805,13,3,4.002096441018065,1.0714530944824219,57.72900581359863,0.0
1771962691,200,,Aggregated,66.000000,0.100000,3,4,5,5,7,8,9,9,45,58,58,6861,13,3,4.002069596419997,1.0714530944824219,57.72900581359863,0.0
1771962692,200,,Aggregated,64.300000,0.100000,3,4,5,5,7,8,9,9,45,58,58,6932,13,3,4.002695474332973,1.0714530944824219,57.72900581359863,0.0
1771962693,200,,Aggregated,64.200000,0.100000,3,4,5,5,7,8,9,9,45,58,58,6990,14,3,3.993252418583555,1.0714530944824219,57.72900581359863,0.0
1771962694,200,,Aggregated,64.100000,0.100000,3,4,5,5,7,8,9,9,45,58,58,7055,15,3,3.988303874588283,1.0714530944824219,57.72900581359863,0.0
1771962695,200,,Aggregated,63.800000,0.100000,3,4,5,5,7,8,9,9,45,58,58,7121,15,3,3.9860779374289623,1.0714530944824219,57.72900581359863,0.0
1771962696,200,,Aggregated,63.500000,0.200000,3,4,5,5,7,8,9,9,45,58,58,7196,15,3,3.99276079105761,1.0714530944824219,57.72900581359863,0.0
1771962697,200,,Aggregated,63.200000,0.300000,3,4,5,5,7,8,9,10,45,58,58,7257,17,3,3.996103611862395,1.0714530944824219,57.72900581359863,0.0
1771962698,200,,Aggregated,63.800000,0.200000,3,4,5,5,7,8,9,10,45,58,58,7335,17,3,3.9948456939093986,1.0714530944824219,57.72900581359863,0.0
1771962699,200,,Aggregated,64.600000,0.200000,3,4,5,5,7,8,9,10,45,58,58,7398,18,3,4.004096301641616,1.0714530944824219,57.72900581359863,0.0
1771962700,200,,Aggregated,65.100000,0.400000,3,4,5,5,7,8,9,10,45,58,58,7460,18,3,3.999823859166204,1.0714530944824219,57.72900581359863,0.0
1771962701,200,,Aggregated,64.800000,0.400000,3,4,5,5,7,8,9,10,45,58,58,7522,19,3,4.009258965804392,1.0714530944824219,57.72900581359863,0.0
1771962702,200,,Aggregated,65.300000,0.500000,3,4,5,5,7,8,9,10,45,58,58,7598,19,3,4.0039569649391344,1.0714530944824219,57.72900581359863,0.0
1771962703,200,,Aggregated,65.000000,0.500000,3,4,5,5,7,8,9,10,45,58,58,7656,19,3,4.006891539602568,1.0714530944824219,57.72900581359863,0.0
1771962704,200,,Aggregated,65.500000,0.600000,3,4,5,5,7,8,9,10,45,58,58,7717,19,3,4.0072513334148985,1.0714530944824219,57.72900581359863,0.0
1771962705,200,,Aggregated,65.500000,0.600000,3,4,5,5,7,8,9,10,45,58,58,7788,19,3,4.008920669065847,1.0714530944824219,57.72900581359863,0.0
1771962706,200,,Aggregated,65.800000,0.500000,3,4,5,5,7,8,9,10,45,58,58,7859,19,3,4.001596711461273,1.0714530944824219,57.72900581359863,0.0
1771962707,200,,Aggregated,65.600000,0.400000,3,4,5,5,7,8,9,10,45,58,58,7927,19,3,3.996140962593249,1.0714530944824219,57.72900581359863,0.0
1771962708,200,,Aggregated,65.900000,0.400000,3,4,5,5,7,8,9,10,45,58,58,8000,20,3,3.99543297290802,1.0714530944824219,57.72900581359863,0.0
1771962709,200,,Aggregated,65.700000,0.400000,3,4,5,5,7,8,9,10,45,58,58,8072,20,3,3.9952230169940868,1.0714530944824219,57.72900581359863,0.0
1771962710,200,,Aggregated,66.100000,0.200000,3,4,5,5,7,8,9,10,45,58,58,8126,20,3,3.9903768435681712,1.0714530944824219,57.72900581359863,0.0
1771962711,200,,Aggregated,65.800000,0.300000,3,4,5,5,7,8,9,10,45,58,58,8192,20,3,3.986845287727192,1.0714530944824219,57.72900581359863,0.0
1771962712,200,,Aggregated,66.900000,0.200000,3,4,5,5,7,8,9,10,45,58,58,8263,21,3,3.9861296880307244,1.0714530944824219,57.72900581359863,0.0
1771962713,200,,Aggregated,65.800000,0.200000,3,4,5,5,7,8,9,10,45,58,58,8326,21,3,3.9863907428936636,1.0714530944824219,57.72900581359863,0.0
1771962714,200,,Aggregated,65.700000,0.100000,3,4,5,5,7,8,9,10,45,58,58,8398,21,3,3.981816339958393,1.0714530944824219,57.72900581359863,0.0
1771962715,200,,Aggregated,65.900000,0.200000,3,4,5,5,7,8,9,10,45,58,58,8470,21,3,3.986548364092074,1.0714530944824219,57.72900581359863,0.0
1771962717,200,,Aggregated,66.100000,0.200000,3,4,5,5,7,8,9,10,45,58,58,8528,21,3,3.9853027010053452,1.0714530944824219,57.72900581359863,0.0
1771962718,200,,Aggregated,67.900000,0.200000,3,4,5,5,7,8,9,10,45,58,58,8596,22,3,3.980110888705247,1.0714530944824219,57.72900581359863,0.0
1771962719,200,,Aggregated,66.400000,0.200000,3,4,5,5,7,8,9,10,45,58,58,8662,23,3,3.98720114480483,1.0714530944824219,57.72900581359863,0.0
1771962720,200,,Aggregated,65.900000,0.300000,3,4,5,5,7,8,9,10,45,58,58,8740,23,3,3.9849192927031005,1.0714530944824219,57.72900581359863,0.0
1771962721,200,,Aggregated,65.700000,0.300000,3,4,5,5,7,8,9,10,45,58,58,8800,23,3,3.9819328893314707,1.0714530944824219,57.72900581359863,0.0
1771962722,200,,Aggregated,66.100000,0.300000,3,4,5,5,7,8,9,10,45,58,58,8859,23,3,3.9837988521783907,1.0714530944824219,57.72900581359863,0.0
1771962723,200,,Aggregated,67.200000,0.300000,3,4,5,5,7,8,9,10,45,58,58,8935,23,3,3.9765117284500473,1.0714530944824219,57.72900581359863,0.0
1771962724,200,,Aggregated,66.300000,0.300000,3,4,5,5,7,8,9,10,45,58,58,9000,24,3,3.975565883848402,1.0714530944824219,57.72900581359863,0.0
1771962725,200,,Aggregated,67.000000,0.200000,3,4,5,5,7,8,9,10,45,58,58,9064,25,3,3.977585975195808,1.0714530944824219,57.72900581359863,0.0
1771962726,200,,Aggregated,67.000000,0.200000,3,4,5,5,7,8,9,10,45,58,58,9127,25,3,3.974333825084744,1.0714530944824219,57.72900581359863,0.0
1771962727,200,,Aggregated,66.200000,0.400000,3,4,5,5,7,8,9,10,45,58,58,9194,25,3,3.9823408979474397,1.0714530944824219,57.72900581359863,0.0
1771962728,200,,Aggregated,65.500000,0.400000,3,4,5,5,7,8,9,10,45,58,58,9266,26,3,3.9849882374925487,1.0714530944824219,57.72900581359863,0.0
1771962729,200,,Aggregated,65.500000,0.400000,3,4,5,5,7,8,9,10,45,58,58,9331,26,3,3.992049873686465,1.0714530944824219,57.72900581359863,0.0
1771962730,200,,Aggregated,66.100000,0.300000,3,4,5,5,7,8,9,10,45,58,58,9404,26,3,3.9930991647802276,1.0714530944824219,57.72900581359863,0.0
1771962731,200,,Aggregated,66.400000,0.300000,3,4,5,5,7,8,9,10,45,58,58,9470,26,3,3.99249471102496,1.0714530944824219,57.72900581359863,0.0
1771962732,200,,Aggregated,65.300000,0.300000,3,4,5,5,7,8,9,10,45,58,58,9535,26,3,3.9996072892187526,1.0714530944824219,57.72900581359863,0.0
1771962733,200,,Aggregated,66.000000,0.300000,3,4,5,5,7,8,9,10,45,58,58,9605,26,3,3.9949146798971356,1.0714530944824219,57.72900581359863,0.0
1771962734,200,,Aggregated,66.400000,0.300000,3,4,5,5,7,8,9,10,45,58,58,9656,26,3,3.9938775191350526,1.0714530944824219,57.72900581359863,0.0
1771962735,200,,Aggregated,65.700000,0.300000,3,4,5,5,7,8,9,10,45,58,58,9736,26,3,3.9874316241374834,1.0714530944824219,57.72900581359863,0.0
1771962736,200,,Aggregated,64.800000,0.200000,3,4,5,5,7,8,9,10,45,58,58,9808,26,3,3.9832929899797547,1.0714530944824219,57.72900581359863,0.0
1771962737,200,,Aggregated,66.400000,0.100000,3,4,5,5,7,8,9,10,45,58,58,9865,27,3,3.9905411062419445,1.0714530944824219,57.72900581359863,0.0
1771962738,200,,Aggregated,66.700000,0.100000,3,4,5,5,7,8,9,10,45,58,58,9928,27,3,3.9883614258839177,1.0714530944824219,57.72900581359863,0.0
1771962739,200,,Aggregated,66.800000,0.200000,3,4,5,5,7,8,9,10,45,48,58,10003,27,3,3.9865558032785477,1.0714530944824219,57.72900581359863,0.0
1771962740,200,,Aggregated,65.800000,0.200000,3,4,5,5,7,8,9,10,45,48,58,10069,27,3,3.983834730097738,1.0714530944824219,57.72900581359863,0.0
1771962741,200,,Aggregated,66.600000,0.100000,3,4,5,5,7,8,9,10,45,48,58,10128,28,3,3.984679142822398,1.0714530944824219,57.72900581359863,0.0
1771962742,200,,Aggregated,66.500000,0.100000,3,4,5,5,7,8,9,10,45,48,58,10198,28,3,3.9906906693513355,1.0714530944824219,57.72900581359863,0.0
1771962743,200,,Aggregated,65.200000,0.200000,3,4,5,5,7,8,9,10,45,48,58,10268,28,3,3.99195841420333,1.0714530944824219,57.72900581359863,0.0
1771962744,200,,Aggregated,65.700000,0.200000,3,4,5,5,7,8,9,10,45,48,58,10327,29,3,3.995437895419395,1.0714530944824219,57.72900581359863,0.0
1771962745,200,,Aggregated,65.900000,0.200000,3,4,5,5,7,8,9,10,45,48,58,10395,29,3,3.9936791594754393,1.0714530944824219,57.72900581359863,0.0
1771962746,200,,Aggregated,67.200000,0.200000,3,4,5,5,7,8,9,10,45,48,58,10462,30,3,3.9901727017515864,1.0714530944824219,57.72900581359863,0.0
1771962747,200,,Aggregated,64.800000,0.300000,3,4,5,5,7,8,9,10,45,48,58,10539,30,3,3.9908667648638296,1.0714530944824219,57.72900581359863,0.0
1771962748,200,,Aggregated,64.900000,0.400000,3,4,5,5,7,8,9,10,45,48,58,10610,30,3,3.9889883927642793,1.0714530944824219,57.72900581359863,0.0
1771962749,200,,Aggregated,66.500000,0.300000,3,4,5,5,7,8,9,10,45,48,58,10674,30,3,3.987580532211924,1.0714530944824219,57.72900581359863,0.0
1771962750,200,,Aggregated,67.700000,0.300000,3,4,5,5,7,8,9,10,45,48,58,10744,30,3,3.9827301266117052,1.0714530944824219,57.72900581359863,0.0
1771962751,200,,Aggregated,65.800000,0.300000,3,4,5,5,7,8,9,10,45,48,58,10815,31,3,3.980445442958061,1.0714530944824219,57.72900581359863,0.0
1771962752,200,,Aggregated,66.400000,0.300000,3,4,5,5,7,8,9,10,45,48,58,10888,31,3,3.9833234917320457,1.0714530944824219,57.72900581359863,0.0
1771962753,200,,Aggregated,67.200000,0.200000,3,4,5,5,7,8,9,10,45,48,58,10958,31,3,3.9851821715606786,1.0714530944824219,57.72900581359863,0.0
1771962754,200,,Aggregated,69.300000,0.300000,3,4,5,5,7,8,9,10,45,48,58,11033,31,3,3.9821450107173044,1.0714530944824219,57.72900581359863,0.0
1771962755,200,,Aggregated,67.800000,0.300000,3,4,5,5,7,8,9,10,45,48,58,11094,31,3,3.9753349531829434,1.0714530944824219,57.72900581359863,0.0
1771962756,200,,Aggregated,68.700000,0.300000,3,4,5,5,7,8,9,10,45,48,58,11164,32,3,3.9757341306639247,1.0714530944824219,57.72900581359863,0.0
1771962757,200,,Aggregated,69.600000,0.200000,3,4,5,5,7,8,9,10,45,48,58,11228,32,3,3.9784030044550227,1.0714530944824219,57.72900581359863,0.0
1771962758,200,,Aggregated,69.300000,0.200000,3,4,5,5,7,8,9,10,45,48,58,11300,32,3,3.9802627225892735,1.0714530944824219,57.72900581359863,0.0
1771962759,200,,Aggregated,69.200000,0.200000,3,4,5,5,7,8,9,10,45,48,58,11364,33,3,3.9808325933679987,1.0714530944824219,57.72900581359863,0.0
1771962760,200,,Aggregated,67.400000,0.200000,3,4,5,5,7,8,9,10,45,48,58,11435,33,3,3.9826075166502943,1.0714530944824219,57.72900581359863,0.0
1771962761,200,,Aggregated,67.700000,0.200000,3,4,5,5,7,8,9,10,45,48,58,11506,33,3,3.9864825763102307,1.0714530944824219,57.72900581359863,0.0
1771962762,200,,Aggregated,68.300000,0.300000,3,4,5,5,7,8,9,10,45,48,58,11567,33,3,3.9912478621007867,1.0714530944824219,57.72900581359863,0.0
1771962763,200,,Aggregated,69.600000,0.300000,3,4,5,5,7,8,9,10,45,48,58,11635,33,3,3.988390968857172,1.0714530944824219,57.72900581359863,0.0
1771962764,200,,Aggregated,66.400000,0.200000,3,4,5,5,7,8,9,10,45,48,58,11704,34,3,3.9881722045449957,1.0714530944824219,57.72900581359863,0.0
1771962765,200,,Aggregated,67.000000,0.200000,3,4,5,5,7,8,9,10,45,48,58,11782,34,3,3.987048077393096,1.0714530944824219,57.72900581359863,0.0
1771962766,200,,Aggregated,66.100000,0.200000,3,4,5,5,7,8,9,10,45,48,58,11834,34,3,3.9921547888258897,1.0714530944824219,57.72900581359863,0.0
1771962767,200,,Aggregated,66.600000,0.300000,3,4,5,5,7,8,9,10,45,48,58,11908,34,3,3.9893489657611227,1.0714530944824219,57.72900581359863,0.0
1771962768,200,,Aggregated,66.900000,0.200000,3,4,5,5,7,8,9,10,45,48,58,11969,34,3,3.9890382769751422,1.0714530944824219,57.72900581359863,0.0
1771962769,200,,Aggregated,65.800000,0.200000,3,4,5,5,7,8,9,10,45,48,58,12037,34,3,3.9888057754692805,1.0714530944824219,57.72900581359863,0.0
1771962770,200,,Aggregated,67.000000,0.200000,3,4,5,5,7,8,9,10,45,48,58,12108,35,3,3.985184586634918,1.0714530944824219,57.72900581359863,0.0
1771962771,200,,Aggregated,67.100000,0.200000,3,4,5,5,7,8,9,10,45,48,58,12171,35,3,3.9859784578945985,1.0714530944824219,57.72900581359863,0.0
1771962772,200,,Aggregated,66.600000,0.100000,3,4,5,5,7,8,9,10,45,48,58,12246,35,3,3.987125335673423,1.0714530944824219,57.72900581359863,0.0
1771962773,200,,Aggregated,65.300000,0.200000,3,4,5,5,7,8,9,10,45,49,58,12299,35,3,3.99460576590372,1.0714530944824219,57.72900581359863,0.0
1771962774,200,,Aggregated,67.100000,0.200000,3,4,5,5,7,8,9,10,45,49,58,12364,35,3,3.9932039207488117,1.0714530944824219,57.72900581359863,0.0
1771962775,200,,Aggregated,66.800000,0.200000,3,4,5,5,7,8,9,10,45,49,58,12435,35,3,3.9905448203399376,1.0714530944824219,57.72900581359863,0.0
1771962776,200,,Aggregated,66.700000,0.200000,3,4,5,5,7,8,9,10,45,49,58,12507,35,3,3.9882426011416516,1.0714530944824219,57.72900581359863,0.0
1771962777,200,,Aggregated,65.200000,0.100000,3,4,5,5,7,8,10,10,45,49,58,12568,35,3,3.9921635696646667,1.0714530944824219,57.72900581359863,0.0
1771962778,200,,Aggregated,65.500000,0.100000,3,4,5,5,7,8,10,10,45,49,58,12632,36,3,3.9924023610417643,1.0714530944824219,57.72900581359863,0.0
1771962779,200,,Aggregated,66.200000,0.100000,3,4,5,5,7,8,10,10,45,49,58,12685,36,3,3.99412934029248,1.0714530944824219,57.72900581359863,0.0
1771962780,200,,Aggregated,65.900000,0.100000,3,4,5,5,7,8,10,10,45,49,58,12768,36,3,3.9947069341078736,1.0714530944824219,57.72900581359863,0.0
1771962781,200,,Aggregated,65.100000,0.200000,3,4,5,5,7,8,10,10,45,49,58,12826,36,3,3.9939455061793123,1.0714530944824219,57.72900581359863,0.0
1771962782,200,,Aggregated,65.000000,0.200000,3,4,5,5,7,8,10,10,45,49,58,12889,36,3,3.9939488401996757,1.0714530944824219,57.72900581359863,0.0
1771962783,200,,Aggregated,66.100000,0.100000,3,4,5,5,7,8,10,10,45,49,58,12967,36,3,3.991930635725421,1.0714530944824219,57.72900581359863,0.0
1771962784,200,,Aggregated,64.000000,0.100000,3,4,5,5,7,8,10,10,45,49,58,13028,39,3,3.99205587303342,1.0714530944824219,57.72900581359863,0.0
1771962785,200,,Aggregated,65.000000,0.100000,3,4,5,5,7,8,10,10,45,49,58,13089,39,3,3.9946836386601987,1.0714530944824219,57.72900581359863,0.0
1771962786,200,,Aggregated,65.200000,0.200000,3,4,5,5,7,8,10,10,45,49,58,13153,39,3,3.9991975184095265,1.0714530944824219,57.72900581359863,0.0
1771962787,200,,Aggregated,66.300000,0.400000,3,4,5,5,7,8,10,10,45,49,58,13231,40,3,3.9990353535636376,1.0714530944824219,57.72900581359863,0.0
1771962788,200,,Aggregated,64.400000,0.400000,3,4,5,5,7,8,10,10,45,49,58,13284,40,3,4.000979584765987,1.0714530944824219,57.72900581359863,0.0
1771962789,200,,Aggregated,65.300000,0.400000,3,4,5,5,7,8,10,10,45,49,58,13355,40,3,4.002422002851628,1.0714530944824219,57.72900581359863,0.0
1771962790,200,,Aggregated,65.400000,0.500000,3,4,5,5,7,8,10,10,45,49,58,13420,40,3,4.001994282229291,1.0714530944824219,57.72900581359863,0.0
1771962791,200,,Aggregated,65.000000,0.400000,3,4,5,5,7,8,10,10,45,49,58,13483,40,3,4.001326070450396,1.0714530944824219,57.72900581359863,0.0
1771962792,200,,Aggregated,65.400000,0.400000,3,4,5,5,7,8,10,10,45,49,58,13546,40,3,4.002488787656835,1.0714530944824219,57.72900581359863,0.0
1771962793,200,,Aggregated,64.500000,0.400000,3,4,5,5,7,8,10,10,45,49,58,13611,40,3,4.0033498944389105,1.0714530944824219,57.72900581359863,0.0
1771962794,200,,Aggregated,65.500000,0.400000,3,4,5,5,7,8,10,10,45,49,58,13679,41,3,4.001217319285785,1.0714530944824219,57.72900581359863,0.0
1771962795,200,,Aggregated,64.900000,0.400000,3,4,5,5,7,8,10,10,45,49,58,13755,41,3,4.002988108805161,1.0714530944824219,57.72900581359863,0.0
1771962796,200,,Aggregated,64.500000,0.300000,3,4,5,5,7,8,10,10,45,49,58,13819,42,3,4.007431384028018,1.0714530944824219,57.72900581359863,0.0
1771962797,200,,Aggregated,64.200000,0.200000,3,4,5,5,7,8,10,10,45,49,58,13887,42,3,4.01060435446943,1.0714530944824219,57.72900581359863,0.0
1771962798,200,,Aggregated,66.200000,0.300000,3,4,5,5,7,8,10,10,45,49,58,13950,42,3,4.0136789164662785,1.0714530944824219,57.72900581359863,0.0
1771962799,200,,Aggregated,64.900000,0.300000,3,4,5,5,7,8,10,10,45,49,58,14017,42,3,4.012433746244271,1.0714530944824219,57.72900581359863,0.0
1771962800,200,,Aggregated,64.800000,0.200000,3,4,5,5,7,8,10,10,45,49,58,14081,44,3,4.01046783881265,1.0714530944824219,57.72900581359863,0.0
1771962801,200,,Aggregated,66.200000,0.200000,3,4,5,5,7,8,10,10,45,49,58,14149,45,3,4.013738865413904,1.0714530944824219,57.72900581359863,0.0
1771962802,200,,Aggregated,65.300000,0.200000,3,4,5,5,7,8,10,10,45,49,58,14220,46,3,4.009705169962093,1.0714530944824219,57.72900581359863,0.0
1771962803,200,,Aggregated,64.600000,0.400000,3,4,5,5,7,8,10,10,45,49,58,14287,46,3,4.010640824743071,1.0714530944824219,57.72900581359863,0.0
1771962804,200,,Aggregated,65.600000,0.500000,3,4,5,5,7,8,10,10,45,49,58,14346,46,3,4.0105374208740425,1.0714530944824219,57.72900581359863,0.0
1771962805,200,,Aggregated,66.400000,0.600000,3,4,5,5,7,8,10,10,45,49,58,14420,47,3,4.008460210199661,1.0714530944824219,57.72900581359863,0.0
1771962806,200,,Aggregated,66.500000,0.600000,3,4,5,5,7,8,10,10,45,49,58,14481,47,3,4.011432486223867,1.0714530944824219,57.72900581359863,0.0
1771962807,200,,Aggregated,65.800000,0.500000,3,4,5,5,7,8,10,10,45,49,58,14543,47,3,4.016611276561142,1.0714530944824219,57.72900581359863,0.0
1771962808,200,,Aggregated,65.600000,0.500000,3,4,5,5,7,9,10,10,45,49,58,14607,48,3,4.01931079316859,1.0714530944824219,57.72900581359863,0.0
1771962809,200,,Aggregated,65.400000,0.500000,3,4,5,5,7,9,10,10,45,49,58,14673,48,3,4.021990187920603,1.0714530944824219,57.72900581359863,0.0
1771962810,200,,Aggregated,65.000000,0.500000,3,4,5,5,7,9,10,10,45,49,58,14741,48,3,4.020318272689427,1.0714530944824219,57.72900581359863,0.0
1771962811,200,,Aggregated,64.800000,0.600000,3,4,5,5,7,9,10,10,45,49,58,14815,48,3,4.019716467521016,1.0714530944824219,57.72900581359863,0.0
1771962812,200,,Aggregated,65.100000,0.600000,3,4,5,5,7,9,10,10,45,49,58,14870,48,3,4.018034755422032,1.0714530944824219,57.72900581359863,0.0
1771962814,200,,Aggregated,65.900000,0.300000,3,4,5,5,7,9,10,10,45,49,58,14959,48,3,4.01879894963735,1.0714530944824219,57.72900581359863,0.0
1771962815,200,,Aggregated,64.100000,0.200000,3,4,5,5,7,8,10,10,45,49,58,15018,48,3,4.016638976912601,1.0714530944824219,57.72900581359863,0.0
1771962816,200,,Aggregated,66.600000,0.200000,3,4,5,5,7,8,10,10,45,49,58,15076,49,3,4.015667664969938,1.0714530944824219,57.72900581359863,0.0
1771962817,200,,Aggregated,66.800000,0.200000,3,4,5,5,7,8,10,10,45,49,58,15147,49,3,4.012614403997482,1.0714530944824219,57.72900581359863,0.0
1771962818,200,,Aggregated,66.800000,0.200000,3,4,5,5,7,8,10,10,45,49,58,15229,49,3,4.010556476694966,1.0714530944824219,57.72900581359863,0.0
1771962819,200,,Aggregated,66.200000,0.200000,3,4,5,5,7,8,10,10,45,49,58,15301,49,3,4.012788419559589,1.0714530944824219,57.72900581359863,0.0
1771962820,200,,Aggregated,68.400000,0.200000,3,4,5,5,7,8,10,10,45,49,58,15371,50,3,4.016398825151269,1.0714530944824219,57.72900581359863,0.0
1771962821,200,,Aggregated,68.800000,0.100000,3,4,5,5,7,8,10,10,45,49,58,15438,50,3,4.013776840949278,1.0714530944824219,57.72900581359863,0.0
1771962822,200,,Aggregated,69.300000,0.200000,3,4,5,5,7,8,10,10,45,49,58,15508,50,3,4.0146504784171535,1.0714530944824219,57.72900581359863,0.0
1771962823,200,,Aggregated,69.200000,0.200000,3,4,5,5,7,9,10,10,45,49,58,15578,51,3,4.013390883292569,1.0714530944824219,57.72900581359863,0.0
1771962824,200,,Aggregated,68.700000,0.200000,3,4,5,5,7,9,10,10,45,49,58,15641,51,3,4.018412001579133,1.0714530944824219,57.72900581359863,0.0
1771962825,200,,Aggregated,70.200000,0.300000,3,4,5,5,7,9,10,10,45,49,58,15698,51,3,4.015753521009803,1.0714530944824219,57.72900581359863,0.0
1771962826,200,,Aggregated,67.800000,0.300000,3,4,5,5,7,9,10,10,45,49,58,15775,51,3,4.01003795267096,1.0714530944824219,57.72900581359863,0.0
1771962827,200,,Aggregated,67.400000,0.300000,3,4,5,5,7,9,10,10,45,49,58,15830,51,3,4.0080250778005455,1.0714530944824219,57.72900581359863,0.0
1771962828,200,,Aggregated,69.100000,0.200000,3,4,5,5,7,9,10,10,45,49,58,15887,51,3,4.007985280189939,1.0714530944824219,57.72900581359863,0.0
1771962829,200,,Aggregated,67.500000,0.200000,3,4,5,5,7,8,10,10,45,49,58,15979,51,3,4.006175972790345,1.0714530944824219,57.72900581359863,0.0
1771962830,200,,Aggregated,65.300000,0.200000,3,4,5,5,7,9,10,10,45,49,58,16030,51,3,4.011835995422477,1.0714530944824219,57.72900581359863,0.0
1771962831,200,,Aggregated,66.500000,0.200000,3,4,5,5,7,9,10,10,45,49,58,16106,51,3,4.01179431965969,1.0714530944824219,57.72900581359863,0.0
1771962832,200,,Aggregated,64.900000,0.100000,3,4,5,5,7,9,10,10,45,49,58,16166,51,3,4.016365536542631,1.0714530944824219,57.72900581359863,0.0
1771962833,200,,Aggregated,66.000000,0.100000,3,4,5,5,7,9,10,11,45,49,58,16234,51,3,4.025218388974644,1.0714530944824219,57.72900581359863,0.0
1771962834,200,,Aggregated,65.400000,0.100000,3,4,5,5,7,9,10,11,45,49,58,16306,51,3,4.028237773993988,1.0714530944824219,57.72900581359863,0.0
1771962835,200,,Aggregated,65.400000,0.000000,3,4,5,5,7,9,10,11,45,49,58,16362,51,3,4.034030817785148,1.0714530944824219,57.72900581359863,0.0
1771962836,200,,Aggregated,64.900000,0.000000,3,4,5,5,7,9,10,11,45,49,58,16436,51,3,4.032859157604961,1.0714530944824219,57.72900581359863,0.0
1771962837,200,,Aggregated,66.100000,0.000000,3,4,5,5,7,9,10,11,45,49,58,16508,51,3,4.033239984847397,1.0714530944824219,57.72900581359863,0.0
1771962838,200,,Aggregated,66.000000,0.000000,3,4,5,5,7,9,10,11,45,49,58,16573,53,3,4.033793150346439,1.0714530944824219,57.72900581359863,0.0
1771962839,200,,Aggregated,66.700000,0.000000,3,4,5,5,7,9,10,11,45,49,58,16641,53,3,4.04159440049242,1.0714530944824219,57.72900581359863,0.0
1771962840,200,,Aggregated,67.500000,0.200000,3,4,5,5,7,9,10,11,45,49,58,16698,53,3,4.0438759896637855,1.0714530944824219,57.72900581359863,0.0
1771962841,200,,Aggregated,65.800000,0.200000,3,4,5,5,7,9,10,11,45,49,58,16777,56,3,4.050211321791015,1.0714530944824219,57.72900581359863,0.0
1771962842,200,,Aggregated,66.300000,0.200000,3,4,5,5,7,9,10,11,45,49,58,16846,56,3,4.05000710478874,1.0714530944824219,57.72900581359863,0.0
1771962843,200,,Aggregated,66.200000,0.400000,3,4,5,5,7,9,10,11,45,49,58,16907,57,3,4.053976024326021,1.0714530944824219,57.72900581359863,0.0
1771962844,200,,Aggregated,67.200000,0.500000,3,4,5,5,7,9,10,11,45,49,58,16974,57,3,4.0585510972617325,1.0714530944824219,57.72900581359863,0.0
1771962845,200,,Aggregated,66.400000,0.500000,3,4,5,5,7,9,10,11,45,49,58,17054,57,3,4.057987586015049,1.0714530944824219,57.72900581359863,0.0
1771962846,200,,Aggregated,67.500000,0.600000,3,4,5,5,7,9,10,11,45,49,58,17117,57,3,4.064106597182781,1.0714530944824219,57.72900581359863,0.0
1771962847,200,,Aggregated,67.500000,0.600000,3,4,5,5,7,9,10,11,45,49,58,17189,58,3,4.067349485219465,1.0714530944824219,57.72900581359863,0.0
1771962848,200,,Aggregated,66.500000,0.600000,3,4,5,5,7,9,10,11,45,49,58,17251,59,3,4.07023725907123,1.0714530944824219,57.72900581359863,0.0
1771962849,200,,Aggregated,67.500000,0.700000,3,4,5,5,7,9,10,11,45,49,58,17321,59,3,4.073485416350468,1.0714530944824219,57.72900581359863,0.0
1771962850,200,,Aggregated,67.500000,0.600000,3,4,5,5,7,9,10,11,45,49,58,17384,59,3,4.077221781659993,1.0714530944824219,57.72900581359863,0.0
1771962851,200,,Aggregated,67.100000,0.600000,3,4,5,5,7,9,10,11,45,49,58,17458,59,3,4.079516926285928,1.0714530944824219,57.72900581359863,0.0
1771962852,200,,Aggregated,68.000000,0.600000,3,4,5,5,7,9,10,11,45,49,58,17522,59,3,4.081203259639089,1.0714530944824219,57.72900581359863,0.0
1771962853,200,,Aggregated,66.900000,0.400000,3,4,5,5,7,9,10,11,45,49,58,17584,59,3,4.086771086739669,1.0714530944824219,57.72900581359863,0.0
1771962854,200,,Aggregated,66.400000,0.300000,3,4,5,5,7,9,10,11,45,49,58,17646,59,3,4.09058746020972,1.0714530944824219,57.72900581359863,0.0
1771962855,200,,Aggregated,66.300000,0.300000,3,4,5,5,7,9,10,11,45,49,58,17727,61,3,4.0915177922472905,1.0714530944824219,57.72900581359863,0.0
1771962856,200,,Aggregated,66.400000,0.200000,3,4,5,5,7,9,10,11,45,49,58,17795,61,3,4.092981454260264,1.0714530944824219,57.72900581359863,0.0
1771962857,200,,Aggregated,66.000000,0.300000,3,4,5,5,7,9,10,11,45,49,58,17861,62,3,4.096676831976656,1.0714530944824219,57.72900581359863,0.0
1771962858,200,,Aggregated,67.100000,0.400000,3,4,5,5,7,9,10,11,45,49,58,17927,62,3,4.10021442626759,1.0714530944824219,57.72900581359863,0.0
1771962859,200,,Aggregated,67.200000,0.400000,3,4,5,5,7,9,10,11,45,49,58,17993,62,3,4.108218005054266,1.0714530944824219,57.72900581359863,0.0
1771962860,200,,Aggregated,66.200000,0.300000,3,4,5,5,7,9,10,11,45,49,58,18064,62,3,4.109512555905419,1.0714530944824219,57.72900581359863,0.0
1771962861,200,,Aggregated,66.900000,0.300000,3,4,5,5,7,9,10,11,45,49,58,18126,62,3,4.114094928020438,1.0714530944824219,57.72900581359863,0.0
1771962862,200,,Aggregated,66.300000,0.300000,3,4,5,5,7,9,10,11,45,49,58,18183,62,3,4.1173906509339835,1.0714530944824219,57.72900581359863,0.0
1771962863,200,,Aggregated,66.600000,0.300000,3,4,5,5,7,9,10,11,45,49,58,18255,63,3,4.122552581762033,1.0714530944824219,57.72900581359863,0.0
1771962864,200,,Aggregated,66.000000,0.300000,3,4,5,5,7,9,10,11,45,49,58,18320,63,3,4.123274194621623,1.0714530944824219,57.72900581359863,0.0
1771962865,200,,Aggregated,66.100000,0.300000,3,4,5,5,7,9,10,11,45,49,58,18378,63,3,4.125573700225993,1.0714530944824219,57.72900581359863,0.0
1771962866,200,,Aggregated,65.300000,0.400000,3,4,5,5,7,9,10,11,45,49,58,18458,63,3,4.125585392245054,1.0714530944824219,57.72900581359863,0.0
1771962867,200,,Aggregated,66.100000,0.300000,3,4,5,5,7,9,10,11,45,49,58,18522,63,3,4.130865788436608,1.0714530944824219,57.72900581359863,0.0
1771962868,200,,Aggregated,64.800000,0.200000,3,4,5,5,7,9,10,11,45,49,58,18583,63,3,4.133000335607142,1.0714530944824219,57.72900581359863,0.0
1771962869,200,,Aggregated,65.100000,0.100000,3,4,5,5,7,9,10,11,45,49,58,18643,63,3,4.135088162738571,1.0714530944824219,57.72900581359863,0.0
1771962870,200,,Aggregated,65.700000,0.100000,3,4,5,5,7,9,10,11,45,49,58,18721,64,3,4.134696108504917,1.0714530944824219,57.72900581359863,0.0
1771962871,200,,Aggregated,64.400000,0.100000,3,4,5,5,7,9,10,11,45,49,58,18797,66,3,4.1358721423048905,1.0714530944824219,57.72900581359863,0.0
1771962872,200,,Aggregated,65.400000,0.100000,3,4,5,5,7,9,10,11,45,53,58,18867,67,3,4.138644096575487,1.0714530944824219,57.72900581359863,0.0
1771962873,200,,Aggregated,65.100000,0.200000,3,4,5,5,7,9,10,11,45,53,58,18932,67,3,4.142271548024751,1.0714530944824219,57.72900581359863,0.0
1771962874,200,,Aggregated,66.400000,0.400000,3,4,5,5,7,9,10,11,45,53,58,18995,67,3,4.145895301997583,1.0714530944824219,57.72900581359863,0.0
1771962875,200,,Aggregated,66.900000,0.500000,3,4,5,5,7,9,10,11,45,53,58,19073,67,3,4.147260820197489,1.0714530944824219,57.72900581359863,0.0
1771962876,200,,Aggregated,68.100000,0.400000,3,4,5,5,7,9,10,11,45,53,58,19125,68,3,4.153281691806768,1.0714530944824219,57.72900581359863,0.0
1771962877,200,,Aggregated,66.700000,0.400000,3,4,5,5,7,9,10,11,45,53,58,19190,69,3,4.150927669372082,1.0714530944824219,57.72900581359863,0.0
1771962878,200,,Aggregated,68.000000,0.400000,3,4,5,5,7,9,10,11,45,53,58,19263,71,3,4.150510843016862,1.0714530944824219,57.72900581359863,0.0
1771962879,200,,Aggregated,66.500000,0.500000,3,4,5,5,7,9,10,11,45,53,58,19337,71,3,4.155054145178159,1.0714530944824219,57.72900581359863,0.0
1771962880,200,,Aggregated,66.700000,0.600000,3,4,5,5,7,9,10,11,45,53,58,19410,71,3,4.153959165216413,1.0714530944824219,57.72900581359863,0.0
1771962881,200,,Aggregated,68.100000,0.800000,3,4,5,5,7,9,10,11,45,53,58,19479,71,3,4.156326597687571,1.0714530944824219,57.72900581359863,0.0
1771962882,200,,Aggregated,68.000000,0.800000,3,4,5,5,7,9,10,11,45,53,58,19535,71,3,4.157935758365644,1.0714530944824219,57.72900581359863,0.0
1771962883,200,,Aggregated,68.600000,0.700000,3,4,5,5,7,9,10,11,45,53,58,19605,71,3,4.1593781359127,1.0714530944824219,57.72900581359863,0.0
1771962884,200,,Aggregated,67.300000,0.500000,3,4,5,5,7,9,10,11,45,53,58,19667,72,3,4.162859321458851,1.0714530944824219,57.72900581359863,0.0
1771962885,200,,Aggregated,67.200000,0.400000,3,4,5,6,7,9,10,11,45,53,58,19720,72,3,4.1670906495370925,1.0714530944824219,57.72900581359863,0.0
1771962886,200,,Aggregated,66.100000,0.400000,3,4,5,6,7,9,10,11,45,53,58,19790,73,3,4.172566528570899,1.0714530944824219,57.72900581359863,0.0
1771962887,200,,Aggregated,66.500000,0.500000,3,4,5,6,7,9,10,11,45,53,58,19867,73,3,4.174806634019028,1.0714530944824219,57.72900581359863,0.0
1771962888,200,,Aggregated,64.800000,0.500000,3,4,5,6,7,9,10,11,45,53,58,19933,73,3,4.178670611329141,1.0714530944824219,57.72900581359863,0.0
1771962889,200,,Aggregated,65.100000,0.500000,3,4,5,6,7,9,10,11,44,49,58,20002,73,3,4.1809174170816865,1.0714530944824219,57.72900581359863,0.0
1771962890,200,,Aggregated,66.700000,0.400000,3,4,5,6,7,9,10,11,44,49,58,20062,74,3,4.182052046622085,1.0714530944824219,57.72900581359863,0.0
1771962891,200,,Aggregated,66.400000,0.200000,3,4,5,6,7,9,10,11,44,49,58,20135,74,3,4.184785965568291,1.0714530944824219,57.72900581359863,0.0
1771962892,200,,Aggregated,65.600000,0.300000,3,4,5,6,7,9,10,11,44,49,58,20210,74,3,4.1866100878481936,1.0714530944824219,57.72900581359863,0.0
1771962893,200,,Aggregated,64.400000,0.300000,3,4,5,6,7,9,10,11,44,49,58,20259,74,3,4.192370853888223,1.0714530944824219,57.72900581359863,0.0
1771962894,200,,Aggregated,65.300000,0.300000,3,4,5,6,7,9,10,11,44,49,58,20331,76,3,4.194045253290405,1.0714530944824219,57.72900581359863,0.0
1771962895,200,,Aggregated,66.200000,0.300000,3,4,5,6,7,9,10,11,44,49,58,20402,77,3,4.195998701531797,1.0714530944824219,57.72900581359863,0.0
1771962896,200,,Aggregated,64.800000,0.300000,3,4,5,6,7,9,10,11,44,49,58,20467,77,3,4.198518304707874,1.0714530944824219,57.72900581359863,0.0
1771962897,200,,Aggregated,66.200000,0.400000,3,4,5,6,7,9,10,11,44,49,58,20543,77,3,4.199743410143991,1.0714530944824219,57.72900581359863,0.0
1771962898,200,,Aggregated,66.900000,0.500000,3,4,5,6,7,9,10,11,44,49,58,20615,78,3,4.2026810064322735,1.0714530944824219,57.72900581359863,0.0
1771962899,200,,Aggregated,67.500000,0.400000,3,4,5,6,7,9,10,11,44,49,58,20665,79,3,4.20739738986765,1.0714530944824219,57.72900581359863,0.0
1771962900,200,,Aggregated,66.400000,0.400000,3,4,5,6,7,9,10,11,44,49,58,20728,80,3,4.20961727142702,1.0714530944824219,57.72900581359863,0.0
1771962901,200,,Aggregated,66.900000,0.500000,3,4,5,6,7,9,10,11,44,49,58,20804,81,3,4.209912526930692,1.0714530944824219,57.72900581359863,0.0
1771962902,200,,Aggregated,65.700000,0.500000,3,4,5,6,7,9,11,11,44,49,58,20871,81,3,4.214270114555979,1.0714530944824219,57.72900581359863,0.0
1771962903,200,,Aggregated,65.600000,0.600000,3,4,5,6,7,9,11,11,44,49,58,20942,81,3,4.217030928954845,1.0714530944824219,57.72900581359863,0.0
1771962905,200,,Aggregated,66.600000,0.700000,3,4,5,6,7,9,11,11,44,49,58,21004,82,3,4.22177707960528,1.0714530944824219,57.72900581359863,0.0
1771962906,200,,Aggregated,67.600000,0.700000,3,4,5,6,7,9,11,11,44,49,58,21079,82,3,4.22626563270866,1.0714530944824219,57.72900581359863,0.0
1771962907,200,,Aggregated,67.600000,0.700000,3,4,5,6,7,9,11,11,44,49,58,21151,83,3,4.226881980580374,1.0714530944824219,57.72900581359863,0.0
1771962908,200,,Aggregated,67.100000,0.500000,3,4,5,6,7,9,11,11,44,49,58,21227,83,3,4.23022392989272,1.0714530944824219,57.72900581359863,0.0
1771962909,200,,Aggregated,67.400000,0.600000,3,4,5,6,7,9,11,11,44,49,58,21289,83,3,4.236026694750102,1.0714530944824219,57.72900581359863,0.0
1771962910,200,,Aggregated,67.700000,0.600000,3,4,5,6,7,9,11,11,44,49,58,21343,83,3,4.2393228104337615,1.0714530944824219,57.72900581359863,0.0
1771962911,200,,Aggregated,66.500000,0.500000,3,4,5,6,7,9,11,11,44,49,58,21411,83,3,4.246780057350071,1.0714530944824219,57.72900581359863,0.0
1771962912,200,,Aggregated,66.400000,0.400000,3,4,5,6,7,9,11,11,44,49,58,21485,84,3,4.246276895861751,1.0714530944824219,57.72900581359863,0.0
1771962913,200,,Aggregated,67.000000,0.300000,3,4,5,6,7,9,11,11,44,49,58,21556,84,3,4.247470376752131,1.0714530944824219,57.72900581359863,0.0
1771962914,200,,Aggregated,67.200000,0.300000,3,4,5,6,7,9,11,11,44,49,58,21620,85,3,4.251422074853436,1.0714530944824219,57.72900581359863,0.0
1771962915,200,,Aggregated,67.000000,0.300000,3,4,5,6,7,9,11,11,44,51,58,21686,85,3,4.2541201655785335,1.0714530944824219,57.72900581359863,0.0
1771962916,200,,Aggregated,66.700000,0.400000,3,4,5,6,7,9,11,11,44,51,58,21766,85,3,4.251464219651086,1.0714530944824219,57.72900581359863,0.0
1771962917,200,,Aggregated,67.100000,0.300000,3,4,5,6,7,9,11,11,44,51,58,21832,85,3,4.254526557307315,1.0714530944824219,57.72900581359863,0.0
1771962918,200,,Aggregated,67.900000,0.300000,3,4,5,6,7,9,11,11,44,51,58,21902,86,3,4.258919639594369,1.0714530944824219,57.72900581359863,0.0
1771962919,200,,Aggregated,66.800000,0.200000,3,4,5,6,7,9,11,11,44,51,58,21963,86,3,4.26199491224952,1.0714530944824219,57.72900581359863,0.0
1771962920,200,,Aggregated,66.500000,0.300000,3,4,5,6,7,9,11,11,44,51,58,22033,86,3,4.260681016691986,1.0714530944824219,57.72900581359863,0.0
1771962921,200,,Aggregated,66.500000,0.300000,4,4,5,6,7,9,11,11,44,51,58,22091,86,4,4.261615379837379,1.0714530944824219,57.72900581359863,0.0
1771962922,200,,Aggregated,67.700000,0.300000,4,4,5,6,7,9,11,11,44,51,58,22164,86,4,4.2625405452372345,1.0714530944824219,57.72900581359863,0.0
1771962923,200,,Aggregated,67.400000,0.300000,3,4,5,6,7,9,11,11,44,51,58,22232,86,3,4.260176686169904,1.0714530944824219,57.72900581359863,0.0
1771962924,200,,Aggregated,66.100000,0.200000,4,4,5,6,7,9,11,11,44,51,58,22297,86,4,4.260380546004215,1.0714530944824219,57.72900581359863,0.0
1771962925,200,,Aggregated,66.900000,0.200000,4,4,5,6,7,9,11,11,44,51,58,22358,88,4,4.261469860198043,1.0714530944824219,57.72900581359863,0.0
1771962926,200,,Aggregated,66.600000,0.100000,4,4,5,6,7,9,11,11,44,51,58,22424,88,4,4.262316920184851,1.0714530944824219,57.72900581359863,0.0
1771962927,200,,Aggregated,66.100000,0.100000,4,4,5,6,7,9,11,11,44,51,58,22499,88,4,4.261413009025038,1.0714530944824219,57.72900581359863,0.0
1771962928,200,,Aggregated,64.700000,0.300000,4,4,5,6,7,9,11,11,44,51,58,22557,88,4,4.263948991524125,1.0714530944824219,57.72900581359863,0.0
1771962929,200,,Aggregated,65.500000,0.300000,4,4,5,6,7,9,11,11,44,51,58,22629,89,4,4.264293660371186,1.0714530944824219,57.72900581359863,0.0
1771962930,200,,Aggregated,64.500000,0.200000,4,4,5,6,7,9,11,11,44,51,58,22705,90,4,4.265842467146124,1.0714530944824219,57.72900581359863,0.0
1771962931,200,,Aggregated,66.100000,0.300000,4,4,5,6,7,9,11,11,44,51,58,22769,90,4,4.264289889129769,1.0714530944824219,57.72900581359863,0.0
1771962932,200,,Aggregated,66.400000,0.400000,4,4,5,6,7,9,11,11,44,51,58,22845,90,4,4.2643386233841785,1.0714530944824219,57.72900581359863,0.0
1771962933,200,,Aggregated,67.100000,0.400000,4,4,5,6,7,9,11,11,44,51,58,22900,90,4,4.263875692692386,1.0714530944824219,57.72900581359863,0.0
1771962934,200,,Aggregated,67.200000,0.400000,4,4,5,6,7,9,11,11,44,51,58,22969,90,4,4.261970883320078,1.0714530944824219,57.72900581359863,0.0
1771962935,200,,Aggregated,66.100000,0.400000,4,4,5,6,7,9,11,11,44,51,58,23040,91,4,4.261045820183224,1.0714530944824219,57.72900581359863,0.0
1771962936,200,,Aggregated,66.300000,0.400000,4,4,5,6,7,9,11,11,44,51,58,23116,91,4,4.261995015785467,1.0714530944824219,57.72900581359863,0.0
1771962937,200,,Aggregated,67.500000,0.500000,4,4,5,6,7,9,11,11,44,51,58,23179,91,4,4.262463351866483,1.0714530944824219,57.72900581359863,0.0
1771962938,200,,Aggregated,67.400000,0.300000,4,4,5,6,7,9,11,11,44,51,58,23254,91,4,4.261679627617094,1.0714530944824219,57.72900581359863,0.0
1771962939,200,,Aggregated,67.600000,0.300000,4,4,5,6,7,9,11,11,44,51,58,23318,92,4,4.259154475341583,1.0714530944824219,57.72900581359863,0.0
1771962940,200,,Aggregated,68.900000,0.300000,4,4,5,6,7,9,11,11,44,51,58,23382,93,4,4.25676269227797,1.0714530944824219,57.72900581359863,0.0
1771962941,200,,Aggregated,67.700000,0.300000,4,4,5,6,7,9,11,11,44,51,58,23449,93,4,4.256137800478998,1.0714530944824219,57.72900581359863,0.0
1771962942,200,,Aggregated,67.200000,0.200000,4,4,5,6,7,9,11,11,44,51,58,23515,93,4,4.257180836260027,1.0714530944824219,57.72900581359863,0.0
1771962943,200,,Aggregated,66.600000,0.300000,4,4,5,6,7,9,11,11,44,51,58,23575,93,4,4.257711459065798,1.0714530944824219,57.72900581359863,0.0
1771962944,200,,Aggregated,66.300000,0.300000,4,4,5,6,7,9,11,11,44,51,58,23645,94,4,4.255006247278651,1.0714530944824219,57.72900581359863,0.0
1771962945,200,,Aggregated,67.000000,0.300000,4,4,5,6,7,9,11,11,44,51,58,23711,94,4,4.255469036114361,1.0714530944824219,57.72900581359863,0.0
1771962946,200,,Aggregated,66.300000,0.400000,4,4,5,6,7,9,11,11,44,51,58,23784,94,4,4.253142005539967,1.0714530944824219,57.72900581359863,0.0
1771962947,200,,Aggregated,66.100000,0.300000,4,4,5,6,7,9,11,11,44,51,58,23858,95,3,4.25206259816138,1.0714530944824219,57.72900581359863,0.0
1771962948,200,,Aggregated,66.600000,0.300000,4,4,5,6,7,9,11,11,44,51,58,23924,95,4,4.250848448768823,1.0714530944824219,57.72900581359863,0.0
1771962949,200,,Aggregated,66.600000,0.300000,4,4,5,6,7,9,11,11,44,51,58,23993,95,4,4.24900906731774,1.0714530944824219,57.72900581359863,0.0
1771962950,200,,Aggregated,66.000000,0.400000,3,4,5,6,7,9,11,11,44,51,58,24062,95,3,4.2461673276658845,1.0714530944824219,57.72900581359863,0.0
1771962951,200,,Aggregated,66.300000,0.300000,3,4,5,6,7,9,11,11,44,51,58,24127,95,3,4.244822535220551,1.0714530944824219,57.72900581359863,0.0
1771962952,200,,Aggregated,66.500000,0.300000,3,4,5,6,7,9,11,11,44,51,58,24190,95,3,4.24417200636499,1.0714530944824219,57.72900581359863,0.0
1771962953,200,,Aggregated,67.400000,0.200000,3,4,5,6,7,9,11,11,44,51,58,24256,96,3,4.241984406373117,1.0714530944824219,57.72900581359863,0.0
1771962954,200,,Aggregated,68.000000,0.200000,3,4,5,6,7,9,11,11,44,51,58,24326,96,3,4.240326462710932,1.0714530944824219,57.72900581359863,0.0
1771962955,200,,Aggregated,67.500000,0.200000,3,4,5,6,7,9,11,11,44,51,58,24391,96,3,4.2384451524850935,1.0714530944824219,57.72900581359863,0.0
1771962956,200,,Aggregated,67.100000,0.200000,3,4,5,6,7,9,11,11,44,51,58,24458,96,3,4.238207563081623,1.0714530944824219,57.72900581359863,0.0
1771962957,200,,Aggregated,67.700000,0.200000,3,4,5,6,7,9,11,11,44,51,58,24527,96,3,4.240915302583473,1.0714530944824219,57.72900581359863,0.0
1771962958,200,,Aggregated,66.600000,0.200000,3,4,5,6,7,9,11,11,44,51,58,24603,97,3,4.239539927992061,1.0714530944824219,57.72900581359863,0.0
1771962959,200,,Aggregated,66.000000,0.200000,3,4,5,6,7,9,11,12,44,51,58,24666,97,3,4.242374834561593,1.0714530944824219,57.72900581359863,0.0
1771962960,200,,Aggregated,66.000000,0.100000,3,4,5,6,7,9,11,12,44,51,58,24735,98,3,4.24133287865103,1.0714530944824219,57.72900581359863,0.0
1771962961,200,,Aggregated,67.300000,0.200000,3,4,5,6,7,9,11,12,44,51,58,24794,99,3,4.240997329761763,1.0714530944824219,57.72900581359863,0.0
1771962962,200,,Aggregated,67.000000,0.300000,3,4,5,6,7,9,11,12,44,51,58,24861,99,3,4.240414712776303,1.0714530944824219,57.72900581359863,0.0
1771962963,200,,Aggregated,65.700000,0.300000,3,4,5,6,7,9,11,12,44,51,58,24935,100,3,4.240150673489354,1.0714530944824219,57.72900581359863,0.0
1771962964,200,,Aggregated,64.900000,0.400000,4,4,5,6,7,9,11,12,44,51,58,24995,100,4,4.240057653941067,1.0714530944824219,57.72900581359863,0.0
1771962965,200,,Aggregated,66.000000,0.400000,3,4,5,6,7,9,11,12,44,51,58,25054,101,3,4.238547964393736,1.0714530944824219,57.72900581359863,0.0
1771962966,200,,Aggregated,67.200000,0.400000,4,4,5,6,7,9,11,12,44,51,58,25126,102,4,4.23905612803147,1.0714530944824219,57.72900581359863,0.0
1771962967,200,,Aggregated,65.600000,0.500000,4,4,5,6,7,9,11,12,44,51,58,25191,102,4,4.239221293258712,1.0714530944824219,57.72900581359863,0.0
1771962968,200,,Aggregated,65.700000,0.500000,4,4,5,6,7,9,11,12,44,51,58,25267,102,4,4.238935324059359,1.0714530944824219,57.72900581359863,0.0
1771962969,200,,Aggregated,66.500000,0.600000,4,4,5,6,7,9,11,12,44,51,58,25338,102,4,4.240056721109722,1.0714530944824219,57.72900581359863,0.0
1771962970,200,,Aggregated,65.700000,0.600000,4,4,5,6,7,9,11,12,44,51,58,25406,103,4,4.239240650266191,1.0714530944824219,57.72900581359863,0.0
1771962971,200,,Aggregated,65.600000,0.500000,4,4,5,6,7,9,11,12,44,51,58,25479,103,4,4.239290221631375,1.0714530944824219,57.72900581359863,0.0
1771962972,200,,Aggregated,66.800000,0.400000,4,4,5,6,7,9,11,12,44,51,58,25544,103,4,4.23962043961723,1.0714530944824219,57.72900581359863,0.0
1771962973,200,,Aggregated,67.600000,0.500000,4,4,5,6,7,9,11,12,44,51,58,25612,103,4,4.2373837204104605,1.0714530944824219,57.72900581359863,0.0
1771962974,200,,Aggregated,68.000000,0.400000,4,4,5,6,7,9,11,12,44,51,58,25680,104,4,4.236273667151312,1.0714530944824219,57.72900581359863,0.0
1771962975,200,,Aggregated,67.200000,0.400000,4,4,5,6,7,9,11,12,44,51,58,25752,104,4,4.235218385244312,1.0714530944824219,57.72900581359863,0.0
1771962976,200,,Aggregated,67.200000,0.300000,4,4,5,6,7,9,11,12,44,51,58,25808,104,4,4.23751484143091,1.0714530944824219,57.72900581359863,0.0
1771962977,200,,Aggregated,67.900000,0.300000,4,4,5,6,7,9,11,12,44,51,58,25867,104,4,4.23933557609257,1.0714530944824219,57.72900581359863,0.0
1771962978,200,,Aggregated,68.700000,0.300000,4,4,5,6,7,9,11,12,44,51,58,25931,104,4,4.2385414790382665,1.0714530944824219,57.72900581359863,0.0
1771962979,200,,Aggregated,66.900000,0.200000,4,4,5,6,7,9,11,12,44,51,58,26010,105,4,4.237744607452428,1.0714530944824219,57.72900581359863,0.0
1771962980,200,,Aggregated,66.600000,0.200000,4,4,5,6,7,9,11,12,44,51,58,26079,105,4,4.23549177767405,1.0714530944824219,57.72900581359863,0.0
1771962981,200,,Aggregated,65.500000,0.200000,4,4,5,6,7,9,11,12,44,51,58,26145,105,4,4.236515258187932,1.0714530944824219,57.72900581359863,0.0
1771962983,200,,Aggregated,66.200000,0.200000,4,4,5,6,7,9,11,12,44,51,58,26215,105,4,4.238573358460462,1.0714530944824219,57.72900581359863,0.0
1771962984,200,,Aggregated,66.000000,0.200000,4,4,5,6,7,9,11,12,44,51,58,26289,106,4,4.241156656965469,1.0714530944824219,57.72900581359863,0.0
1771962985,200,,Aggregated,66.300000,0.200000,4,4,5,6,7,9,11,12,44,51,58,26362,106,4,4.240545098892466,1.0714530944824219,57.72900581359863,0.0
1771962986,200,,Aggregated,66.900000,0.300000,4,4,5,6,7,9,11,12,44,51,58,26421,106,4,4.241138542137465,1.0714530944824219,57.72900581359863,0.0
1771962987,200,,Aggregated,67.500000,0.200000,4,4,5,6,7,9,11,12,44,51,58,26486,107,4,4.241982930773993,1.0714530944824219,57.72900581359863,0.0
1771962988,200,,Aggregated,67.500000,0.200000,4,4,5,6,7,9,11,12,44,51,58,26543,107,4,4.242550701130866,1.0714530944824219,57.72900581359863,0.0
1771962989,200,,Aggregated,67.400000,0.300000,4,4,5,6,7,9,11,12,44,51,58,26617,107,4,4.2443309220982135,1.0714530944824219,57.72900581359863,0.0
1771962990,200,,Aggregated,67.500000,0.300000,4,4,5,6,7,9,11,12,44,51,58,26683,107,4,4.244700626504389,1.0714530944824219,57.72900581359863,0.0
1771962991,200,,Aggregated,68.000000,0.300000,4,4,5,6,7,9,11,12,44,51,58,26742,108,4,4.243968205519367,1.0714530944824219,57.72900581359863,0.0
1771962992,200,,Aggregated,66.700000,0.200000,4,4,5,6,7,9,11,12,44,51,58,26810,108,4,4.244869371618366,1.0714530944824219,57.72900581359863,0.0
1771962993,200,,Aggregated,65.600000,0.300000,4,4,5,6,7,9,11,12,44,51,58,26874,108,4,4.246702389036819,1.0714530944824219,57.72900581359863,0.0
1771962994,200,,Aggregated,65.500000,0.300000,4,4,5,6,7,9,11,12,44,51,58,26943,110,4,4.247114351560919,1.0714530944824219,57.72900581359863,0.0
1771962995,200,,Aggregated,65.200000,0.300000,4,4,5,6,7,9,11,12,44,51,58,27017,110,4,4.246127452328622,1.0714530944824219,57.72900581359863,0.0
1771962996,200,,Aggregated,64.700000,0.400000,4,4,5,6,7,9,11,12,44,51,58,27078,110,4,4.248043346003526,1.0714530944824219,57.72900581359863,0.0
1771962997,200,,Aggregated,64.800000,0.400000,4,4,5,6,7,9,11,12,44,51,58,27144,110,4,4.247001805138243,1.0714530944824219,57.72900581359863,0.0
1771962998,200,,Aggregated,64.500000,0.400000,4,4,5,6,7,9,11,12,44,51,58,27210,110,4,4.247980282526601,1.0714530944824219,57.72900581359863,0.0
1771962999,200,,Aggregated,64.600000,0.300000,4,4,5,6,7,9,11,12,44,51,58,27286,110,4,4.249592239115932,1.0714530944824219,57.72900581359863,0.0
1771963000,200,,Aggregated,65.600000,0.300000,4,4,5,6,7,9,11,12,44,51,58,27346,110,4,4.251059910064119,1.0714530944824219,57.72900581359863,0.0
1771963001,200,,Aggregated,65.800000,0.300000,4,4,5,6,7,9,11,12,44,51,58,27417,111,4,4.249135509693688,1.0714530944824219,57.72900581359863,0.0
1771963002,200,,Aggregated,65.400000,0.300000,4,4,5,6,7,9,11,12,44,51,58,27480,112,4,4.24775080389331,1.0714530944824219,57.72900581359863,0.0
1771963003,200,,Aggregated,66.800000,0.200000,4,4,5,6,7,9,11,12,44,51,58,27550,112,4,4.248314085543264,1.0714530944824219,57.72900581359863,0.0
1771963004,200,,Aggregated,66.200000,0.400000,4,4,5,6,7,9,11,12,44,51,58,27611,113,4,4.250102548985051,1.0714530944824219,57.72900581359863,0.0
1771963005,200,,Aggregated,66.500000,0.400000,4,4,5,6,7,9,11,12,44,51,58,27686,113,4,4.248499413889664,1.0714530944824219,57.72900581359863,0.0
1771963006,200,,Aggregated,66.500000,0.300000,4,4,5,6,7,9,11,12,44,51,58,27757,113,4,4.250102399272268,1.0714530944824219,57.72900581359863,0.0
1771963007,200,,Aggregated,66.000000,0.300000,4,4,5,6,7,9,11,12,44,51,58,27821,114,4,4.250887119771336,1.0714530944824219,57.72900581359863,0.0
1771963008,200,,Aggregated,67.200000,0.300000,4,4,5,6,7,9,11,12,44,51,58,27876,115,4,4.252969294953234,1.0714530944824219,57.72900581359863,0.0
1771963009,200,,Aggregated,67.500000,0.400000,4,4,5,6,7,9,11,12,44,51,58,27948,115,4,4.254385639161737,1.0714530944824219,57.72900581359863,0.0
1771963010,200,,Aggregated,66.300000,0.400000,4,4,5,6,7,9,11,12,44,51,58,28013,116,4,4.254808404796046,1.0714530944824219,57.72900581359863,0.0
1771963011,200,,Aggregated,65.900000,0.500000,4,4,5,6,7,9,11,12,44,51,58,28075,116,4,4.25670925252478,1.0714530944824219,57.72900581359863,0.0
1771963012,200,,Aggregated,65.800000,0.600000,4,4,5,6,7,9,11,12,44,51,58,28152,116,4,4.256404201630064,1.0714530944824219,57.72900581359863,0.0
1771963013,200,,Aggregated,65.100000,0.600000,4,4,5,6,7,9,11,12,44,51,58,28209,118,4,4.256113134452649,1.0714530944824219,57.72900581359863,0.0
1771963014,200,,Aggregated,65.700000,0.400000,4,4,5,6,7,9,11,12,44,51,58,28282,118,4,4.255633493788584,1.0714530944824219,57.72900581359863,0.0
1771963015,200,,Aggregated,66.300000,0.600000,4,4,5,6,7,9,11,12,44,51,58,28358,118,4,4.25868183511026,1.0714530944824219,57.72900581359863,0.0
1771963016,200,,Aggregated,65.700000,0.500000,4,4,5,6,7,9,11,12,44,51,58,28418,118,4,4.260439197873992,1.0714530944824219,57.72900581359863,0.0
1771963017,200,,Aggregated,66.900000,0.500000,4,4,5,6,7,9,11,12,44,51,58,28487,119,4,4.259139752385489,1.0714530944824219,57.72900581359863,0.0
1771963018,200,,Aggregated,65.300000,0.500000,4,4,5,6,7,9,11,12,44,51,58,28558,119,4,4.258815560473456,1.0714530944824219,57.72900581359863,0.0
1771963019,200,,Aggregated,66.200000,0.500000,4,4,5,6,7,9,11,12,44,51,58,28625,119,4,4.257443498836334,1.0714530944824219,57.72900581359863,0.0
1771963020,200,,Aggregated,66.800000,0.500000,4,4,5,6,7,9,11,12,44,51,58,28692,121,4,4.2559394739369845,1.0714530944824219,57.72900581359863,0.0
1771963021,200,,Aggregated,66.800000,0.400000,4,4,5,6,7,9,11,12,44,51,58,28754,122,4,4.255041049934191,1.0714530944824219,57.72900581359863,0.0
1771963022,200,,Aggregated,66.700000,0.500000,4,4,5,6,7,9,11,12,44,51,58,28819,122,4,4.2546232584145836,1.0714530944824219,57.72900581359863,0.0
1771963023,200,,Aggregated,67.000000,0.600000,4,4,5,6,7,9,11,12,44,51,58,28891,122,4,4.254245571553581,1.0714530944824219,57.72900581359863,0.0
1771963024,200,,Aggregated,66.800000,0.600000,4,4,5,6,7,9,11,12,44,51,58,28967,123,4,4.251781115563363,1.0714530944824219,57.72900581359863,0.0
1771963025,200,,Aggregated,67.100000,0.400000,4,4,5,6,7,9,11,12,44,51,58,29030,124,4,4.252263401608364,1.0714530944824219,57.72900581359863,0.0
1771963026,200,,Aggregated,67.300000,0.500000,4,4,5,6,7,9,11,12,44,51,58,29083,124,4,4.249732407374874,1.0714530944824219,57.72900581359863,0.0
1771963027,200,,Aggregated,66.400000,0.500000,4,4,5,6,7,9,11,12,44,51,58,29160,124,4,4.246675853703084,1.0714530944824219,57.72900581359863,0.0
1771963028,200,,Aggregated,66.200000,0.600000,4,4,5,6,7,9,11,12,44,51,58,29229,124,4,4.244295023530829,1.0714530944824219,57.72900581359863,0.0
1771963029,200,,Aggregated,65.100000,0.500000,4,4,5,6,7,9,11,12,44,51,58,29282,125,4,4.241845995486983,1.0714530944824219,57.72900581359863,0.0
1771963030,200,,Aggregated,66.400000,0.500000,4,4,5,6,7,9,11,12,44,51,58,29345,126,4,4.239248356028622,1.0714530944824219,57.72900581359863,0.0
1771963031,200,,Aggregated,65.600000,0.500000,4,4,5,6,7,9,11,12,44,51,58,29421,126,4,4.236811780535726,1.0714530944824219,57.72900581359863,0.0
1771963032,200,,Aggregated,65.900000,0.500000,4,4,5,6,7,9,11,12,44,51,58,29484,126,4,4.234713949126638,1.0714530944824219,57.72900581359863,0.0
1771963033,200,,Aggregated,65.400000,0.400000,4,4,5,6,7,9,11,12,44,51,58,29549,127,4,4.2337317842570465,1.0714530944824219,57.72900581359863,0.0
1771963034,200,,Aggregated,66.100000,0.400000,4,4,5,6,7,9,11,12,44,51,58,29622,127,4,4.231054402485889,1.0714530944824219,57.72900581359863,0.0
1771963035,200,,Aggregated,65.000000,0.400000,4,4,5,6,7,9,11,12,44,51,58,29695,127,4,4.2287260981436265,1.0714530944824219,57.72900581359863,0.0
1771963036,200,,Aggregated,65.600000,0.400000,4,4,5,6,7,9,11,12,44,51,58,29769,127,4,4.225989881571437,1.0714530944824219,57.72900581359863,0.0
1771963037,200,,Aggregated,64.700000,0.400000,4,4,5,6,7,9,11,12,44,51,58,29830,127,4,4.224196888638789,1.0714530944824219,57.72900581359863,0.0
1771963038,200,,Aggregated,67.900000,0.300000,4,4,5,6,7,9,11,12,44,51,58,29903,127,4,4.221665374061374,1.0714530944824219,57.72900581359863,0.0
1771963039,200,,Aggregated,67.600000,0.300000,4,4,5,6,7,9,11,12,44,51,58,29974,129,4,4.218822348990402,1.0714530944824219,57.72900581359863,0.0
1771963040,200,,Aggregated,66.600000,0.300000,4,4,5,6,7,9,11,12,44,49,58,30052,130,4,4.215955194772583,1.0714530944824219,57.72900581359863,0.0
1771963041,200,,Aggregated,67.300000,0.400000,4,4,5,6,7,9,11,12,44,49,58,30113,130,4,4.215631909994793,1.0714530944824219,57.72900581359863,0.0
1771963042,200,,Aggregated,68.800000,0.400000,4,4,5,6,7,9,11,12,44,49,58,30170,131,4,4.215045958352397,1.0714530944824219,57.72900581359863,0.0
1771963043,200,,Aggregated,69.300000,0.400000,4,4,5,6,7,9,11,12,44,49,58,30238,132,4,4.212358568906705,1.0714530944824219,57.72900581359863,0.0
1771963044,200,,Aggregated,68.300000,0.400000,4,4,5,6,7,9,11,12,44,49,58,30311,133,4,4.209884669543107,1.0714530944824219,57.72900581359863,0.0
1771963045,200,,Aggregated,68.600000,0.500000,4,4,5,6,7,9,11,12,44,49,58,30370,133,4,4.208318379351604,1.0714530944824219,57.72900581359863,0.0
1771963046,200,,Aggregated,68.000000,0.500000,4,4,5,6,7,9,11,12,44,49,58,30443,133,4,4.207958918388744,1.0714530944824219,57.72900581359863,0.0
1771963047,200,,Aggregated,67.900000,0.600000,4,4,5,6,7,9,11,12,44,49,58,30512,134,4,4.20803906846309,1.0714530944824219,57.72900581359863,0.0
1771963048,200,,Aggregated,66.900000,0.600000,4,4,5,6,7,9,11,12,44,49,58,30593,134,4,4.207594757147412,1.0714530944824219,57.72900581359863,0.0
1771963049,200,,Aggregated,67.100000,0.600000,4,4,5,6,7,9,11,12,44,49,58,30646,134,4,4.205635748013483,1.0714530944824219,57.72900581359863,0.0
1771963050,200,,Aggregated,67.600000,0.700000,4,4,5,6,7,9,11,12,44,49,58,30725,134,4,4.206295991157302,1.0714530944824219,57.72900581359863,0.0
1771963051,200,,Aggregated,67.900000,0.600000,4,4,5,5,7,9,11,12,44,49,58,30793,134,4,4.204677450719993,1.0714530944824219,57.72900581359863,0.0
1771963052,200,,Aggregated,66.500000,0.400000,4,4,5,5,7,9,11,12,44,49,58,30865,134,4,4.205866082452712,1.0714530944824219,57.72900581359863,0.0
1771963053,200,,Aggregated,66.500000,0.400000,4,4,5,6,7,9,11,12,44,49,58,30933,134,4,4.206600311913662,1.0714530944824219,57.72900581359863,0.0
1771963054,200,,Aggregated,67.900000,0.400000,4,4,5,6,7,9,11,12,44,49,58,30993,134,4,4.209177401660238,1.0714530944824219,57.72900581359863,0.0
1771963055,200,,Aggregated,68.200000,0.300000,4,4,5,6,7,9,11,12,44,49,58,31065,134,4,4.2115052541097,1.0714530944824219,57.72900581359863,0.0
1771963056,200,,Aggregated,68.400000,0.200000,4,4,5,6,7,9,11,12,44,49,58,31140,134,4,4.212887614831453,1.0714530944824219,57.72900581359863,0.0
1771963057,200,,Aggregated,68.000000,0.100000,4,4,5,6,7,9,11,12,44,49,58,31206,134,4,4.215599611494195,1.0714530944824219,57.72900581359863,0.0
1771963058,200,,Aggregated,68.000000,0.100000,4,4,5,6,7,9,11,12,44,49,58,31270,135,4,4.2188764266553,1.0714530944824219,57.72900581359863,0.0
1771963059,200,,Aggregated,68.700000,0.100000,4,4,5,6,7,9,11,12,44,49,58,31329,135,4,4.222859995064313,1.0714530944824219,57.72900581359863,0.0
1771963060,200,,Aggregated,67.900000,0.000000,4,4,5,6,7,9,11,12,44,49,58,31408,135,4,4.224630958014949,1.0714530944824219,57.72900581359863,0.0
1771963061,200,,Aggregated,67.600000,0.100000,4,4,5,6,7,9,11,12,44,49,58,31483,137,4,4.227425740618863,1.0714530944824219,57.72900581359863,0.0
1771963062,200,,Aggregated,67.400000,0.100000,4,4,5,6,7,9,11,12,44,49,58,31533,137,4,4.227026187927093,1.0714530944824219,57.72900581359863,0.0
1771963063,200,,Aggregated,67.700000,0.100000,4,4,5,6,7,9,11,12,44,49,58,31613,137,4,4.22835833465303,1.0714530944824219,57.72900581359863,0.0
1771963064,200,,Aggregated,67.900000,0.300000,4,4,5,6,7,9,11,12,44,49,58,31682,138,4,4.228132179413891,1.0714530944824219,57.72900581359863,0.0
1771963065,200,,Aggregated,66.000000,0.300000,4,4,5,6,7,9,11,12,44,49,58,31746,138,4,4.2315189114276635,1.0714530944824219,57.72900581359863,0.0
1771963066,200,,Aggregated,67.400000,0.300000,4,4,5,6,7,9,11,12,44,49,58,31813,138,4,4.232367293220822,1.0714530944824219,57.72900581359863,0.0
1771963067,200,,Aggregated,67.700000,0.400000,4,4,5,6,7,9,11,12,44,51,58,31877,138,4,4.236593357752381,1.0714530944824219,57.72900581359863,0.0
1771963068,200,,Aggregated,66.700000,0.400000,4,4,5,6,7,9,11,12,44,51,58,31946,138,4,4.239695697438849,1.0714530944824219,57.72900581359863,0.0
1771963069,200,,Aggregated,66.400000,0.400000,4,4,5,6,7,9,11,12,44,51,58,32017,139,4,4.241546893635863,1.0714530944824219,57.72900581359863,0.0
1771963071,200,,Aggregated,66.800000,0.300000,4,4,5,6,7,9,11,12,44,51,58,32080,139,4,4.244297326651594,1.0714530944824219,57.72900581359863,0.0
1771963072,200,,Aggregated,67.400000,0.400000,4,4,5,6,7,9,11,12,44,51,58,32159,139,4,4.245223762969842,1.0714530944824219,57.72900581359863,0.0
1771963073,200,,Aggregated,66.500000,0.400000,4,4,5,6,7,9,11,12,44,51,58,32218,139,4,4.24899670270962,1.0714530944824219,57.72900581359863,0.0
1771963074,200,,Aggregated,66.800000,0.200000,4,4,5,6,7,9,11,12,44,51,58,32287,139,4,4.251868460389346,1.0714530944824219,57.72900581359863,0.0
1771963075,200,,Aggregated,66.800000,0.200000,4,4,5,6,7,9,11,12,44,51,58,32356,139,4,4.254443947000606,1.0714530944824219,57.72900581359863,0.0
1771963076,200,,Aggregated,66.400000,0.200000,4,4,5,6,7,9,11,12,44,51,58,32417,139,4,4.2589662120421465,1.0714530944824219,57.72900581359863,0.0
1771963077,200,,Aggregated,67.300000,0.100000,4,4,5,6,7,9,11,12,44,51,58,32489,139,4,4.260929709065856,1.0714530944824219,57.72900581359863,0.0
1771963078,200,,Aggregated,66.800000,0.100000,4,4,5,6,7,9,11,12,44,51,58,32560,139,4,4.263781285696006,1.0714530944824219,57.72900581359863,0.0
1771963079,200,,Aggregated,67.000000,0.100000,4,4,5,6,7,9,11,12,44,51,58,32626,139,4,4.266144650137228,1.0714530944824219,57.72900581359863,0.0
1771963080,200,,Aggregated,67.400000,0.100000,4,4,5,6,7,9,11,12,44,51,58,32683,140,4,4.269166066123314,1.0714530944824219,57.72900581359863,0.0
1771963081,200,,Aggregated,67.100000,0.100000,4,4,5,6,7,9,11,12,44,51,58,32757,140,4,4.269720080950053,1.0714530944824219,57.72900581359863,0.0
1771963082,200,,Aggregated,65.600000,0.100000,4,4,5,6,7,9,11,12,44,51,58,32822,140,4,4.271079363505356,1.0714530944824219,57.72900581359863,0.0
1771963083,200,,Aggregated,67.400000,0.100000,4,4,5,6,7,9,11,12,44,51,58,32886,141,4,4.273071121155966,1.0714530944824219,57.72900581359863,0.0
1771963084,200,,Aggregated,65.700000,0.100000,4,4,5,6,7,9,11,12,44,51,58,32962,141,4,4.273123275625366,1.0714530944824219,57.72900581359863,0.0
1771963085,200,,Aggregated,66.100000,0.200000,4,4,5,6,7,9,11,12,44,51,58,33025,141,4,4.276407712522012,1.0714530944824219,57.72900581359863,0.0
1771963086,200,,Aggregated,67.300000,0.200000,4,4,5,6,7,9,11,12,44,51,58,33090,142,4,4.279681360228035,1.0714530944824219,57.72900581359863,0.0
1771963087,200,,Aggregated,65.700000,0.200000,4,4,5,6,7,9,11,12,44,51,58,33148,142,4,4.282724717794892,1.0714530944824219,57.72900581359863,0.0
1771963088,200,,Aggregated,66.500000,0.300000,4,4,5,6,7,9,11,12,44,51,58,33230,142,4,4.282939451988512,1.0714530944824219,57.72900581359863,0.0
1771963089,200,,Aggregated,65.400000,0.300000,4,4,5,6,7,9,11,12,44,51,58,33297,143,4,4.286915553447796,1.0714530944824219,57.72900581359863,0.0
1771963090,200,,Aggregated,66.600000,0.300000,4,4,5,6,7,9,11,12,44,51,58,33358,143,4,4.287378537411155,1.0714530944824219,57.72900581359863,0.0
1771963091,200,,Aggregated,66.300000,0.400000,4,4,5,6,7,9,11,12,44,51,58,33432,143,4,4.2883010679638875,1.0714530944824219,57.72900581359863,0.0
1771963092,200,,Aggregated,67.100000,0.300000,4,4,5,6,7,9,11,12,44,51,58,33498,143,4,4.290931779552953,1.0714530944824219,57.72900581359863,0.0
1771963093,200,,Aggregated,65.900000,0.300000,4,4,5,6,7,9,11,12,44,51,58,33573,144,4,4.293188596969812,1.0714530944824219,57.72900581359863,0.0
1771963094,200,,Aggregated,66.400000,0.300000,4,4,5,6,7,9,11,12,44,51,58,33648,147,4,4.294482288732452,1.0714530944824219,57.72900581359863,0.0
1771963095,200,,Aggregated,67.700000,0.200000,4,4,5,6,7,9,11,12,44,51,58,33707,148,4,4.296606769019107,1.0714530944824219,57.72900581359863,0.0
1771963096,200,,Aggregated,66.700000,0.500000,4,4,5,6,7,9,11,12,44,51,58,33784,149,4,4.297583152015373,1.0714530944824219,57.72900581359863,0.0
1771963097,200,,Aggregated,67.400000,0.700000,4,4,5,6,7,9,11,12,44,51,58,33849,149,4,4.300043612428914,1.0714530944824219,57.72900581359863,0.0
1771963098,200,,Aggregated,68.600000,0.700000,4,4,5,6,7,9,11,12,44,51,58,33914,149,4,4.304200612958073,1.0714530944824219,57.72900581359863,0.0
1771963099,200,,Aggregated,68.700000,0.700000,4,4,5,6,7,9,11,12,44,51,58,33986,149,4,4.305651931086992,1.0714530944824219,57.72900581359863,0.0
1771963100,200,,Aggregated,67.500000,0.700000,4,4,5,6,7,9,11,12,44,51,58,34064,150,4,4.307616115344304,1.0714530944824219,57.72900581359863,0.0
1771963101,200,,Aggregated,67.100000,0.600000,4,4,5,6,7,9,11,12,44,51,58,34126,150,4,4.310408259223384,1.0714530944824219,57.72900581359863,0.0
1771963102,200,,Aggregated,69.200000,0.600000,4,4,5,6,7,9,11,12,44,51,58,34194,150,4,4.310781212308194,1.0714530944824219,57.72900581359863,0.0
1771963103,200,,Aggregated,69.300000,0.700000,4,4,5,6,7,9,11,12,44,51,58,34260,150,4,4.313047309403383,1.0714530944824219,57.72900581359863,0.0
1771963104,200,,Aggregated,69.400000,0.700000,4,4,5,6,7,9,11,12,44,51,58,34325,151,4,4.315415887353374,1.0714530944824219,57.72900581359863,0.0
1771963105,200,,Aggregated,68.600000,0.700000,4,4,5,6,7,9,11,13,44,51,58,34399,151,4,4.317471473631968,1.0714530944824219,57.72900581359863,0.0
1771963106,200,,Aggregated,67.900000,0.500000,4,4,5,6,7,9,11,13,44,51,58,34470,152,4,4.320499210175065,1.0714530944824219,57.72900581359863,0.0
1771963107,200,,Aggregated,67.700000,0.300000,4,4,5,6,7,9,11,13,44,51,58,34531,153,4,4.322646878091616,1.0714530944824219,57.72900581359863,0.0
1771963108,200,,Aggregated,67.700000,0.300000,4,4,5,6,7,9,11,13,44,51,58,34596,154,4,4.324467792195631,1.0714530944824219,57.72900581359863,0.0
1771963109,200,,Aggregated,68.000000,0.300000,4,4,5,6,7,9,11,13,44,51,58,34664,154,4,4.327522849970593,1.0714530944824219,57.72900581359863,0.0
1771963110,200,,Aggregated,67.600000,0.400000,4,4,5,6,7,9,11,13,44,51,58,34722,154,4,4.330308884631158,1.0714530944824219,57.72900581359863,0.0
1771963111,200,,Aggregated,68.200000,0.500000,4,4,5,6,7,9,11,13,44,51,58,34789,154,4,4.334412081907952,1.0714530944824219,57.72900581359863,0.0
1771963112,200,,Aggregated,65.800000,0.500000,4,4,5,6,7,9,11,13,44,51,58,34854,154,4,4.332379731963956,1.0714530944824219,57.72900581359863,0.0
1771963113,200,,Aggregated,65.900000,0.400000,4,4,5,6,7,9,11,13,44,51,58,34943,156,4,4.330709428631392,1.0714530944824219,57.72900581359863,0.0
1771963114,200,,Aggregated,65.900000,0.400000,4,4,5,6,7,9,11,13,44,51,58,35002,157,4,4.332033506591459,1.0714530944824219,57.72900581359863,0.0
1771963115,200,,Aggregated,65.700000,0.500000,4,4,5,6,7,9,11,13,44,51,58,35076,157,4,4.330423582727165,1.0714530944824219,57.72900581359863,0.0
1771963116,200,,Aggregated,66.800000,0.500000,4,4,5,6,7,9,11,13,44,51,58,35128,157,4,4.331909647782824,1.0714530944824219,57.72900581359863,0.0
1771963117,200,,Aggregated,67.900000,0.600000,4,4,5,6,7,9,11,13,44,51,58,35205,157,4,4.332963303906084,1.0714530944824219,57.72900581359863,0.0
1771963118,200,,Aggregated,66.400000,0.500000,4,4,5,6,7,9,11,13,44,51,58,35258,157,4,4.33355127935395,1.0714530944824219,57.72900581359863,0.0
1771963119,200,,Aggregated,65.700000,0.500000,4,4,5,6,7,9,11,13,44,51,58,35322,157,4,4.334322830186371,1.0714530944824219,57.72900581359863,0.0
1771963120,200,,Aggregated,66.000000,0.400000,4,4,5,6,7,9,11,13,44,51,58,35384,158,4,4.334879169468424,1.0714530944824219,57.72900581359863,0.0
1771963121,200,,Aggregated,65.600000,0.300000,4,4,5,6,7,9,11,13,44,51,58,35450,158,4,4.336381241027659,1.0714530944824219,57.72900581359863,0.0
1771963122,200,,Aggregated,66.300000,0.300000,4,4,5,6,7,9,11,13,44,51,58,35520,158,4,4.337256710540067,1.0714530944824219,57.72900581359863,0.0
1771963123,200,,Aggregated,65.300000,0.400000,4,4,5,6,7,9,11,13,44,51,58,35596,158,4,4.336384564708466,1.0714530944824219,57.72900581359863,0.0
1771963124,200,,Aggregated,65.000000,0.400000,4,4,5,6,7,9,11,13,44,51,58,35664,159,4,4.334486977516027,1.0714530944824219,57.72900581359863,0.0
1771963125,200,,Aggregated,65.500000,0.300000,4,4,5,6,7,9,11,13,44,51,58,35722,160,4,4.33565771237352,1.0714530944824219,57.72900581359863,0.0
1771963126,200,,Aggregated,65.500000,0.300000,4,4,5,6,7,9,11,13,44,51,58,35790,160,4,4.335034616368548,1.0714530944824219,57.72900581359863,0.0
1771963127,200,,Aggregated,64.700000,0.300000,4,4,5,6,7,9,11,13,44,51,58,35858,161,4,4.336289071193654,1.0714530944824219,57.72900581359863,0.0
1771963128,200,,Aggregated,63.900000,0.300000,4,4,5,6,7,9,11,13,44,51,58,35931,161,4,4.336424771811309,1.0714530944824219,57.72900581359863,0.0
1771963129,200,,Aggregated,64.800000,0.300000,4,4,5,6,7,9,11,13,44,51,58,35998,161,4,4.338370945011353,1.0714530944824219,57.72900581359863,0.0
1771963130,200,,Aggregated,66.300000,0.400000,4,4,5,6,7,9,11,13,44,51,58,36063,161,4,4.3388854193581,1.0714530944824219,57.72900581359863,0.0
1771963131,200,,Aggregated,66.200000,0.400000,4,4,5,6,7,9,11,13,44,51,58,36131,161,4,4.341394617332443,1.0714530944824219,57.72900581359863,0.0
1771963132,200,,Aggregated,67.200000,0.400000,4,4,5,6,7,9,11,13,44,51,58,36199,161,4,4.341478377285081,1.0714530944824219,57.72900581359863,0.0
1771963133,200,,Aggregated,66.800000,0.300000,4,4,5,6,7,9,11,13,44,51,58,36262,162,4,4.341625271797653,1.0714530944824219,57.72900581359863,0.0
1771963134,200,,Aggregated,66.700000,0.300000,4,4,5,6,7,9,11,13,44,51,58,36334,162,4,4.3422659984044145,1.0714530944824219,57.72900581359863,0.0
1771963135,200,,Aggregated,66.100000,0.300000,4,4,5,6,7,9,11,13,44,51,58,36400,162,4,4.344295944486346,1.0714530944824219,57.72900581359863,0.0
1771963136,200,,Aggregated,66.100000,0.300000,4,4,5,6,7,9,11,13,44,51,58,36462,162,4,4.345613043553202,1.0714530944824219,57.72900581359863,0.0
1771963137,200,,Aggregated,66.700000,0.200000,4,4,5,6,7,9,11,13,44,51,58,36534,163,4,4.347224296095362,1.0714530944824219,57.72900581359863,0.0
1771963138,200,,Aggregated,67.500000,0.200000,4,4,5,6,7,9,11,13,44,51,58,36595,163,4,4.348641963812281,1.0714530944824219,57.72900581359863,0.0
1771963139,200,,Aggregated,67.500000,0.200000,4,4,5,6,7,9,11,13,44,51,58,36660,163,4,4.351557536783338,1.0714530944824219,57.72900581359863,0.0
1771963140,200,,Aggregated,65.600000,0.200000,4,4,5,6,7,9,11,13,44,51,58,36738,164,4,4.352045329175599,1.0714530944824219,57.72900581359863,0.0
1771963141,200,,Aggregated,65.900000,0.200000,4,4,5,6,7,9,11,13,44,51,58,36811,164,4,4.351442825440909,1.0714530944824219,57.72900581359863,0.0
1771963142,200,,Aggregated,65.000000,0.200000,4,4,5,6,7,9,11,13,44,51,58,36860,164,4,4.352002284867053,1.0714530944824219,57.72900581359863,0.0
1771963143,200,,Aggregated,66.500000,0.300000,4,4,5,6,7,9,11,13,44,51,58,36937,164,4,4.352023412601863,1.0714530944824219,57.72900581359863,0.0
1771963144,200,,Aggregated,67.300000,0.300000,4,4,5,6,7,9,11,13,44,51,58,36997,164,4,4.354269449061973,1.0714530944824219,57.72900581359863,0.0
1771963145,200,,Aggregated,66.300000,0.300000,4,4,5,6,7,9,11,13,44,51,58,37062,164,4,4.355824879502254,1.0714530944824219,57.72900581359863,0.0
1771963146,200,,Aggregated,65.800000,0.200000,4,4,5,6,7,9,11,13,44,51,58,37131,165,4,4.357625837712081,1.0714530944824219,57.72900581359863,0.0
1771963147,200,,Aggregated,64.900000,0.200000,4,4,5,6,7,9,11,13,44,51,58,37200,165,4,4.357302233737002,1.0714530944824219,57.72900581359863,0.0
1771963148,200,,Aggregated,65.000000,0.200000,4,4,5,6,7,9,11,13,44,51,58,37272,165,4,4.358469742668317,1.0714530944824219,57.72900581359863,0.0
1771963149,200,,Aggregated,65.100000,0.300000,4,4,5,6,7,9,11,13,44,51,58,37345,165,4,4.359513182032937,1.0669231414794922,57.72900581359863,0.0
1771963150,200,,Aggregated,65.600000,0.200000,4,4,5,6,7,9,11,13,44,51,58,37416,165,4,4.3619573498628625,1.0669231414794922,57.72900581359863,0.0
1771963151,200,,Aggregated,67.400000,0.200000,4,4,5,6,7,9,11,13,44,51,58,37478,166,4,4.362874233618993,1.0669231414794922,57.72900581359863,0.0
1771963152,200,,Aggregated,67.200000,0.200000,4,5,5,6,7,9,11,13,44,51,58,37546,166,4,4.364385676232841,1.0669231414794922,57.72900581359863,0.0
1771963153,200,,Aggregated,67.500000,0.100000,4,5,5,6,7,9,11,13,44,51,58,37621,166,4,4.364454842257647,1.0669231414794922,57.72900581359863,0.0
1771963154,200,,Aggregated,66.200000,0.200000,4,5,5,6,7,9,11,13,44,51,58,37683,167,4,4.365408341159481,1.0669231414794922,57.72900581359863,0.0
1771963155,200,,Aggregated,67.000000,0.200000,4,5,5,6,7,9,11,13,44,51,58,37746,167,4,4.365899885856043,1.0669231414794922,57.72900581359863,0.0
1771963157,200,,Aggregated,67.500000,0.200000,4,5,5,6,7,9,11,13,44,51,58,37816,168,4,4.366101908688821,1.0669231414794922,57.72900581359863,0.0
1771963158,200,,Aggregated,67.500000,0.300000,4,5,5,6,7,9,11,13,44,51,58,37890,169,4,4.367823882668023,1.0669231414794922,57.72900581359863,0.0
1771963159,200,,Aggregated,67.800000,0.300000,4,5,5,6,7,9,11,13,44,51,58,37954,169,4,4.368246239254458,1.0669231414794922,57.72900581359863,0.0
1771963160,200,,Aggregated,68.200000,0.400000,4,5,5,6,7,9,11,13,44,51,58,38025,170,4,4.368977367995524,1.0669231414794922,57.72900581359863,0.0
1771963161,200,,Aggregated,66.600000,0.400000,4,5,5,6,7,9,11,13,44,51,58,38086,171,4,4.371740584775868,1.0669231414794922,57.72900581359863,0.0
1771963162,200,,Aggregated,66.700000,0.500000,4,5,5,6,7,9,11,13,44,51,58,38150,172,4,4.375218438914688,1.0669231414794922,57.72900581359863,0.0
1771963163,200,,Aggregated,65.500000,0.600000,4,5,5,6,7,9,11,13,44,51,58,38218,172,4,4.375497577041801,1.0669231414794922,57.72900581359863,0.0
1771963164,200,,Aggregated,66.000000,0.600000,4,5,5,6,7,9,11,13,44,51,58,38280,172,4,4.376566036367865,1.0669231414794922,57.72900581359863,0.0
1771963165,200,,Aggregated,66.500000,0.600000,4,5,5,6,7,9,11,13,44,51,58,38357,172,4,4.37591781823072,1.0669231414794922,57.72900581359863,0.0
1771963166,200,,Aggregated,64.900000,0.600000,4,5,5,6,7,9,11,13,44,51,58,38432,172,4,4.375804888765381,1.0669231414794922,57.72900581359863,0.0
1771963167,200,,Aggregated,66.300000,0.500000,4,5,5,6,7,9,11,13,44,51,58,38488,173,4,4.377956159693167,1.0669231414794922,57.72900581359863,0.0
1771963168,200,,Aggregated,67.500000,0.500000,4,5,5,6,7,9,11,13,44,51,58,38550,175,4,4.378350674719507,1.0669231414794922,57.72900581359863,0.0
1771963169,200,,Aggregated,66.100000,0.500000,4,5,5,6,7,9,11,13,44,51,58,38623,175,4,4.37965767271783,1.0669231414794922,57.72900581359863,0.0
1771963170,200,,Aggregated,65.500000,0.600000,4,5,5,6,7,9,11,13,44,51,58,38687,175,4,4.380753081789075,1.0669231414794922,57.72900581359863,0.0
1771963171,200,,Aggregated,65.800000,0.600000,4,5,5,6,7,9,11,13,44,51,58,38759,179,4,4.381321357337894,1.0669231414794922,57.72900581359863,0.0
1771963172,200,,Aggregated,65.200000,0.500000,4,5,5,6,7,9,11,13,44,51,58,38827,179,4,4.380840023028098,1.0669231414794922,57.72900581359863,0.0
1771963173,200,,Aggregated,66.600000,0.800000,4,5,5,6,7,9,11,13,44,51,58,38899,179,4,4.380745766276201,1.0669231414794922,57.72900581359863,0.0
1771963174,200,,Aggregated,67.300000,0.700000,4,5,5,6,7,9,12,13,44,51,58,38968,179,4,4.381562332871073,1.0669231414794922,57.72900581359863,0.0
1771963175,200,,Aggregated,67.100000,0.700000,4,5,5,6,7,9,12,13,44,51,58,39034,179,4,4.381861813508042,1.0669231414794922,57.72900581359863,0.0
1771963176,200,,Aggregated,67.900000,0.700000,4,5,5,6,7,9,12,13,44,51,58,39102,179,4,4.383990968391356,1.0669231414794922,57.72900581359863,0.0
1771963177,200,,Aggregated,67.400000,0.700000,4,5,5,6,7,9,12,13,44,51,58,39165,180,4,4.385657914978752,1.0669231414794922,57.72900581359863,0.0
